{"name":"onMapCreate","time":"2026-02-04T18:54:19.659Z"}
{"name":"onCameraWillChange","time":"2026-02-04T18:54:19.660Z","event":{"cameraMode":0}}
{"name":"onCameraDidChange","time":"2026-02-04T18:54:19.660Z","event":{"cameraMode":0}}
{"name":"onWillStartLoadingMap","time":"2026-02-04T18:54:19.660Z"}
{"name":"onRegisterShaders","time":"2026-02-04T18:54:19.722Z","styleURL":"https://americanamap.org/style.json"}
{"name":"onWillStartRenderingMap","time":"2026-02-04T18:54:19.722Z","styleURL":"https://americanamap.org/style.json"}
{"name":"onSpriteRequested","time":"2026-02-04T18:54:20.141Z","styleName":"Americana","styleURL":"https://americanamap.org/style.json","event":{"id":"default","url":"https://americanamap.org/sprites/sprite"}}
{"name":"onDidFinishLoadingStyle","time":"2026-02-04T18:54:20.141Z","styleName":"Americana","styleURL":"https://americanamap.org/style.json"}
{"name":"onSourceChanged","time":"2026-02-04T18:54:20.142Z","styleName":"Americana","styleURL":"https://americanamap.org/style.json","event":{"type":"vector","id":"openmaptiles"}}
{"name":"onTileAction","time":"2026-02-04T18:54:20.178Z","styleName":"Americana","styleURL":"https://americanamap.org/style.json","event":{"action":"RequestedFromCache","tileX":0,"tileY":0,"tileZ":0,"overscaledZ":0,"sourceID":"openmaptiles"}}
{"name":"onTileAction","time":"2026-02-04T18:54:20.178Z","styleName":"Americana","styleURL":"https://americanamap.org/style.json","event":{"action":"StartParse","tileX":0,"tileY":0,"tileZ":0,"overscaledZ":0,"sourceID":"openmaptiles"}}
{"name":"onTileAction","time":"2026-02-04T18:54:20.178Z","styleName":"Americana","styleURL":"https://americanamap.org/style.json","event":{"action":"RequestedFromCache","tileX":4,"tileY":6,"tileZ":4,"overscaledZ":4,"sourceID":"openmaptiles"}}
{"name":"onTileAction","time":"2026-02-04T18:54:20.178Z","styleName":"Americana","styleURL":"https://americanamap.org/style.json","event":{"action":"StartParse","tileX":4,"tileY":6,"tileZ":4,"overscaledZ":4,"sourceID":"openmaptiles"}}
{"name":"onTileAction","time":"2026-02-04T18:54:20.178Z","styleName":"Americana","styleURL":"https://americanamap.org/style.json","event":{"action":"RequestedFromCache","tileX":4,"tileY":5,"tileZ":4,"overscaledZ":4,"sourceID":"openmaptiles"}}
{"name":"onTileAction","time":"2026-02-04T18:54:20.178Z","styleName":"Americana","styleURL":"https://americanamap.org/style.json","event":{"action":"StartParse","tileX":4,"tileY":5,"tileZ":4,"overscaledZ":4,"sourceID":"openmaptiles"}}
{"name":"onTileAction","time":"2026-02-04T18:54:20.178Z","styleName":"Americana","styleURL":"https://americanamap.org/style.json","event":{"action":"RequestedFromCache","tileX":3,"tileY":6,"tileZ":4,"overscaledZ":4,"sourceID":"openmaptiles"}}
{"name":"onTileAction","time":"2026-02-04T18:54:20.178Z","styleName":"Americana","styleURL":"https://americanamap.org/style.json","event":{"action":"StartParse","tileX":3,"tileY":6,"tileZ":4,"overscaledZ":4,"sourceID":"openmaptiles"}}
{"name":"onTileAction","time":"2026-02-04T18:54:20.178Z","styleName":"Americana","styleURL":"https://americanamap.org/style.json","event":{"action":"RequestedFromCache","tileX":3,"tileY":5,"tileZ":4,"overscaledZ":4,"sourceID":"openmaptiles"}}
{"name":"onTileAction","time":"2026-02-04T18:54:20.178Z","styleName":"Americana","styleURL":"https://americanamap.org/style.json","event":{"action":"StartParse","tileX":3,"tileY":5,"tileZ":4,"overscaledZ":4,"sourceID":"openmaptiles"}}
{"name":"onTileAction","time":"2026-02-04T18:54:20.178Z","styleName":"Americana","styleURL":"https://americanamap.org/style.json","event":{"action":"RequestedFromCache","tileX":5,"tileY":6,"tileZ":4,"overscaledZ":4,"sourceID":"openmaptiles"}}
{"name":"onTileAction","time":"2026-02-04T18:54:20.178Z","styleName":"Americana","styleURL":"https://americanamap.org/style.json","event":{"action":"StartParse","tileX":5,"tileY":6,"tileZ":4,"overscaledZ":4,"sourceID":"openmaptiles"}}
{"name":"onTileAction","time":"2026-02-04T18:54:20.178Z","styleName":"Americana","styleURL":"https://americanamap.org/style.json","event":{"action":"RequestedFromCache","tileX":5,"tileY":5,"tileZ":4,"overscaledZ":4,"sourceID":"openmaptiles"}}
{"name":"onTileAction","time":"2026-02-04T18:54:20.178Z","styleName":"Americana","styleURL":"https://americanamap.org/style.json","event":{"action":"StartParse","tileX":5,"tileY":5,"tileZ":4,"overscaledZ":4,"sourceID":"openmaptiles"}}
{"name":"onTileAction","time":"2026-02-04T18:54:20.178Z","styleName":"Americana","styleURL":"https://americanamap.org/style.json","event":{"action":"RequestedFromCache","tileX":4,"tileY":4,"tileZ":4,"overscaledZ":4,"sourceID":"openmaptiles"}}
{"name":"onTileAction","time":"2026-02-04T18:54:20.178Z","styleName":"Americana","styleURL":"https://americanamap.org/style.json","event":{"action":"StartParse","tileX":4,"tileY":4,"tileZ":4,"overscaledZ":4,"sourceID":"openmaptiles"}}
{"name":"onTileAction","time":"2026-02-04T18:54:20.178Z","styleName":"Americana","styleURL":"https://americanamap.org/style.json","event":{"action":"RequestedFromCache","tileX":3,"tileY":4,"tileZ":4,"overscaledZ":4,"sourceID":"openmaptiles"}}
{"name":"onTileAction","time":"2026-02-04T18:54:20.178Z","styleName":"Americana","styleURL":"https://americanamap.org/style.json","event":{"action":"StartParse","tileX":3,"tileY":4,"tileZ":4,"overscaledZ":4,"sourceID":"openmaptiles"}}
{"name":"onTileAction","time":"2026-02-04T18:54:20.178Z","styleName":"Americana","styleURL":"https://americanamap.org/style.json","event":{"action":"RequestedFromCache","tileX":5,"tileY":4,"tileZ":4,"overscaledZ":4,"sourceID":"openmaptiles"}}
{"name":"onTileAction","time":"2026-02-04T18:54:20.178Z","styleName":"Americana","styleURL":"https://americanamap.org/style.json","event":{"action":"StartParse","tileX":5,"tileY":4,"tileZ":4,"overscaledZ":4,"sourceID":"openmaptiles"}}
{"name":"onTileAction","time":"2026-02-04T18:54:20.178Z","styleName":"Americana","styleURL":"https://americanamap.org/style.json","event":{"action":"RequestedFromCache","tileX":4,"tileY":3,"tileZ":4,"overscaledZ":4,"sourceID":"openmaptiles"}}
{"name":"onTileAction","time":"2026-02-04T18:54:20.178Z","styleName":"Americana","styleURL":"https://americanamap.org/style.json","event":{"action":"StartParse","tileX":4,"tileY":3,"tileZ":4,"overscaledZ":4,"sourceID":"openmaptiles"}}
{"name":"onTileAction","time":"2026-02-04T18:54:20.178Z","styleName":"Americana","styleURL":"https://americanamap.org/style.json","event":{"action":"RequestedFromCache","tileX":3,"tileY":3,"tileZ":4,"overscaledZ":4,"sourceID":"openmaptiles"}}
{"name":"onTileAction","time":"2026-02-04T18:54:20.178Z","styleName":"Americana","styleURL":"https://americanamap.org/style.json","event":{"action":"StartParse","tileX":3,"tileY":3,"tileZ":4,"overscaledZ":4,"sourceID":"openmaptiles"}}
{"name":"onTileAction","time":"2026-02-04T18:54:20.179Z","styleName":"Americana","styleURL":"https://americanamap.org/style.json","event":{"action":"RequestedFromCache","tileX":5,"tileY":3,"tileZ":4,"overscaledZ":4,"sourceID":"openmaptiles"}}
{"name":"onTileAction","time":"2026-02-04T18:54:20.179Z","styleName":"Americana","styleURL":"https://americanamap.org/style.json","event":{"action":"StartParse","tileX":5,"tileY":3,"tileZ":4,"overscaledZ":4,"sourceID":"openmaptiles"}}
{"name":"onTileAction","time":"2026-02-04T18:54:20.179Z","styleName":"Americana","styleURL":"https://americanamap.org/style.json","event":{"action":"RequestedFromCache","tileX":2,"tileY":3,"tileZ":4,"overscaledZ":4,"sourceID":"openmaptiles"}}
{"name":"onTileAction","time":"2026-02-04T18:54:20.179Z","styleName":"Americana","styleURL":"https://americanamap.org/style.json","event":{"action":"StartParse","tileX":2,"tileY":3,"tileZ":4,"overscaledZ":4,"sourceID":"openmaptiles"}}
{"name":"onTileAction","time":"2026-02-04T18:54:20.179Z","styleName":"Americana","styleURL":"https://americanamap.org/style.json","event":{"action":"RequestedFromCache","tileX":6,"tileY":3,"tileZ":4,"overscaledZ":4,"sourceID":"openmaptiles"}}
{"name":"onTileAction","time":"2026-02-04T18:54:20.179Z","styleName":"Americana","styleURL":"https://americanamap.org/style.json","event":{"action":"StartParse","tileX":6,"tileY":3,"tileZ":4,"overscaledZ":4,"sourceID":"openmaptiles"}}
{"name":"onTileAction","time":"2026-02-04T18:54:20.179Z","styleName":"Americana","styleURL":"https://americanamap.org/style.json","event":{"action":"StartParse","tileX":4,"tileY":6,"tileZ":4,"overscaledZ":4,"sourceID":"org.maplibre.annotations"}}
{"name":"onTileAction","time":"2026-02-04T18:54:20.179Z","styleName":"Americana","styleURL":"https://americanamap.org/style.json","event":{"action":"StartParse","tileX":4,"tileY":5,"tileZ":4,"overscaledZ":4,"sourceID":"org.maplibre.annotations"}}
{"name":"onTileAction","time":"2026-02-04T18:54:20.179Z","styleName":"Americana","styleURL":"https://americanamap.org/style.json","event":{"action":"StartParse","tileX":3,"tileY":6,"tileZ":4,"overscaledZ":4,"sourceID":"org.maplibre.annotations"}}
{"name":"onTileAction","time":"2026-02-04T18:54:20.179Z","styleName":"Americana","styleURL":"https://americanamap.org/style.json","event":{"action":"StartParse","tileX":3,"tileY":5,"tileZ":4,"overscaledZ":4,"sourceID":"org.maplibre.annotations"}}
{"name":"onTileAction","time":"2026-02-04T18:54:20.179Z","styleName":"Americana","styleURL":"https://americanamap.org/style.json","event":{"action":"StartParse","tileX":5,"tileY":6,"tileZ":4,"overscaledZ":4,"sourceID":"org.maplibre.annotations"}}
{"name":"onTileAction","time":"2026-02-04T18:54:20.179Z","styleName":"Americana","styleURL":"https://americanamap.org/style.json","event":{"action":"StartParse","tileX":5,"tileY":5,"tileZ":4,"overscaledZ":4,"sourceID":"org.maplibre.annotations"}}
{"name":"onTileAction","time":"2026-02-04T18:54:20.179Z","styleName":"Americana","styleURL":"https://americanamap.org/style.json","event":{"action":"StartParse","tileX":4,"tileY":4,"tileZ":4,"overscaledZ":4,"sourceID":"org.maplibre.annotations"}}
{"name":"onTileAction","time":"2026-02-04T18:54:20.179Z","styleName":"Americana","styleURL":"https://americanamap.org/style.json","event":{"action":"StartParse","tileX":3,"tileY":4,"tileZ":4,"overscaledZ":4,"sourceID":"org.maplibre.annotations"}}
{"name":"onTileAction","time":"2026-02-04T18:54:20.179Z","styleName":"Americana","styleURL":"https://americanamap.org/style.json","event":{"action":"StartParse","tileX":5,"tileY":4,"tileZ":4,"overscaledZ":4,"sourceID":"org.maplibre.annotations"}}
{"name":"onTileAction","time":"2026-02-04T18:54:20.179Z","styleName":"Americana","styleURL":"https://americanamap.org/style.json","event":{"action":"StartParse","tileX":4,"tileY":3,"tileZ":4,"overscaledZ":4,"sourceID":"org.maplibre.annotations"}}
{"name":"onTileAction","time":"2026-02-04T18:54:20.179Z","styleName":"Americana","styleURL":"https://americanamap.org/style.json","event":{"action":"StartParse","tileX":3,"tileY":3,"tileZ":4,"overscaledZ":4,"sourceID":"org.maplibre.annotations"}}
{"name":"onTileAction","time":"2026-02-04T18:54:20.179Z","styleName":"Americana","styleURL":"https://americanamap.org/style.json","event":{"action":"StartParse","tileX":5,"tileY":3,"tileZ":4,"overscaledZ":4,"sourceID":"org.maplibre.annotations"}}
{"name":"onTileAction","time":"2026-02-04T18:54:20.179Z","styleName":"Americana","styleURL":"https://americanamap.org/style.json","event":{"action":"StartParse","tileX":2,"tileY":3,"tileZ":4,"overscaledZ":4,"sourceID":"org.maplibre.annotations"}}
{"name":"onTileAction","time":"2026-02-04T18:54:20.179Z","styleName":"Americana","styleURL":"https://americanamap.org/style.json","event":{"action":"StartParse","tileX":6,"tileY":3,"tileZ":4,"overscaledZ":4,"sourceID":"org.maplibre.annotations"}}
{"name":"onTileAction","time":"2026-02-04T18:54:20.180Z","styleName":"Americana","styleURL":"https://americanamap.org/style.json","event":{"action":"EndParse","tileX":4,"tileY":6,"tileZ":4,"overscaledZ":4,"sourceID":"org.maplibre.annotations"}}
{"name":"onTileAction","time":"2026-02-04T18:54:20.180Z","styleName":"Americana","styleURL":"https://americanamap.org/style.json","event":{"action":"EndParse","tileX":4,"tileY":5,"tileZ":4,"overscaledZ":4,"sourceID":"org.maplibre.annotations"}}
{"name":"onTileAction","time":"2026-02-04T18:54:20.180Z","styleName":"Americana","styleURL":"https://americanamap.org/style.json","event":{"action":"EndParse","tileX":5,"tileY":6,"tileZ":4,"overscaledZ":4,"sourceID":"org.maplibre.annotations"}}
{"name":"onTileAction","time":"2026-02-04T18:54:20.180Z","styleName":"Americana","styleURL":"https://americanamap.org/style.json","event":{"action":"EndParse","tileX":5,"tileY":5,"tileZ":4,"overscaledZ":4,"sourceID":"org.maplibre.annotations"}}
{"name":"onTileAction","time":"2026-02-04T18:54:20.180Z","styleName":"Americana","styleURL":"https://americanamap.org/style.json","event":{"action":"EndParse","tileX":4,"tileY":4,"tileZ":4,"overscaledZ":4,"sourceID":"org.maplibre.annotations"}}
{"name":"onTileAction","time":"2026-02-04T18:54:20.180Z","styleName":"Americana","styleURL":"https://americanamap.org/style.json","event":{"action":"EndParse","tileX":3,"tileY":4,"tileZ":4,"overscaledZ":4,"sourceID":"org.maplibre.annotations"}}
{"name":"onTileAction","time":"2026-02-04T18:54:20.180Z","styleName":"Americana","styleURL":"https://americanamap.org/style.json","event":{"action":"EndParse","tileX":5,"tileY":4,"tileZ":4,"overscaledZ":4,"sourceID":"org.maplibre.annotations"}}
{"name":"onTileAction","time":"2026-02-04T18:54:20.180Z","styleName":"Americana","styleURL":"https://americanamap.org/style.json","event":{"action":"EndParse","tileX":3,"tileY":3,"tileZ":4,"overscaledZ":4,"sourceID":"org.maplibre.annotations"}}
{"name":"onTileAction","time":"2026-02-04T18:54:20.180Z","styleName":"Americana","styleURL":"https://americanamap.org/style.json","event":{"action":"EndParse","tileX":4,"tileY":3,"tileZ":4,"overscaledZ":4,"sourceID":"org.maplibre.annotations"}}
{"name":"onTileAction","time":"2026-02-04T18:54:20.180Z","styleName":"Americana","styleURL":"https://americanamap.org/style.json","event":{"action":"EndParse","tileX":5,"tileY":3,"tileZ":4,"overscaledZ":4,"sourceID":"org.maplibre.annotations"}}
{"name":"onTileAction","time":"2026-02-04T18:54:20.180Z","styleName":"Americana","styleURL":"https://americanamap.org/style.json","event":{"action":"EndParse","tileX":2,"tileY":3,"tileZ":4,"overscaledZ":4,"sourceID":"org.maplibre.annotations"}}
{"name":"onTileAction","time":"2026-02-04T18:54:20.180Z","styleName":"Americana","styleURL":"https://americanamap.org/style.json","event":{"action":"EndParse","tileX":6,"tileY":3,"tileZ":4,"overscaledZ":4,"sourceID":"org.maplibre.annotations"}}
{"name":"onTileAction","time":"2026-02-04T18:54:20.180Z","styleName":"Americana","styleURL":"https://americanamap.org/style.json","event":{"action":"LoadFromCache","tileX":0,"tileY":0,"tileZ":0,"overscaledZ":0,"sourceID":"openmaptiles"}}
{"name":"onTileAction","time":"2026-02-04T18:54:20.180Z","styleName":"Americana","styleURL":"https://americanamap.org/style.json","event":{"action":"RequestedFromNetwork","tileX":0,"tileY":0,"tileZ":0,"overscaledZ":0,"sourceID":"openmaptiles"}}
{"name":"onTileAction","time":"2026-02-04T18:54:20.180Z","styleName":"Americana","styleURL":"https://americanamap.org/style.json","event":{"action":"EndParse","tileX":3,"tileY":6,"tileZ":4,"overscaledZ":4,"sourceID":"org.maplibre.annotations"}}
{"name":"onTileAction","time":"2026-02-04T18:54:20.180Z","styleName":"Americana","styleURL":"https://americanamap.org/style.json","event":{"action":"EndParse","tileX":3,"tileY":5,"tileZ":4,"overscaledZ":4,"sourceID":"org.maplibre.annotations"}}
{"name":"onTileAction","time":"2026-02-04T18:54:20.185Z","styleName":"Americana","styleURL":"https://americanamap.org/style.json","event":{"action":"LoadFromCache","tileX":4,"tileY":6,"tileZ":4,"overscaledZ":4,"sourceID":"openmaptiles"}}
{"name":"onTileAction","time":"2026-02-04T18:54:20.185Z","styleName":"Americana","styleURL":"https://americanamap.org/style.json","event":{"action":"RequestedFromNetwork","tileX":4,"tileY":6,"tileZ":4,"overscaledZ":4,"sourceID":"openmaptiles"}}
{"name":"onTileAction","time":"2026-02-04T18:54:20.185Z","styleName":"Americana","styleURL":"https://americanamap.org/style.json","event":{"action":"LoadFromCache","tileX":4,"tileY":5,"tileZ":4,"overscaledZ":4,"sourceID":"openmaptiles"}}
{"name":"onTileAction","time":"2026-02-04T18:54:20.185Z","styleName":"Americana","styleURL":"https://americanamap.org/style.json","event":{"action":"RequestedFromNetwork","tileX":4,"tileY":5,"tileZ":4,"overscaledZ":4,"sourceID":"openmaptiles"}}
{"name":"onTileAction","time":"2026-02-04T18:54:20.185Z","styleName":"Americana","styleURL":"https://americanamap.org/style.json","event":{"action":"LoadFromCache","tileX":3,"tileY":6,"tileZ":4,"overscaledZ":4,"sourceID":"openmaptiles"}}
{"name":"onTileAction","time":"2026-02-04T18:54:20.185Z","styleName":"Americana","styleURL":"https://americanamap.org/style.json","event":{"action":"RequestedFromNetwork","tileX":3,"tileY":6,"tileZ":4,"overscaledZ":4,"sourceID":"openmaptiles"}}
{"name":"onTileAction","time":"2026-02-04T18:54:20.189Z","styleName":"Americana","styleURL":"https://americanamap.org/style.json","event":{"action":"RequestedFromCache","tileX":2,"tileY":3,"tileZ":3,"overscaledZ":3,"sourceID":"openmaptiles"}}
{"name":"onTileAction","time":"2026-02-04T18:54:20.189Z","styleName":"Americana","styleURL":"https://americanamap.org/style.json","event":{"action":"StartParse","tileX":2,"tileY":3,"tileZ":3,"overscaledZ":3,"sourceID":"openmaptiles"}}
{"name":"onTileAction","time":"2026-02-04T18:54:20.189Z","styleName":"Americana","styleURL":"https://americanamap.org/style.json","event":{"action":"RequestedFromCache","tileX":2,"tileY":2,"tileZ":3,"overscaledZ":3,"sourceID":"openmaptiles"}}
{"name":"onTileAction","time":"2026-02-04T18:54:20.189Z","styleName":"Americana","styleURL":"https://americanamap.org/style.json","event":{"action":"StartParse","tileX":2,"tileY":2,"tileZ":3,"overscaledZ":3,"sourceID":"openmaptiles"}}
{"name":"onTileAction","time":"2026-02-04T18:54:20.189Z","styleName":"Americana","styleURL":"https://americanamap.org/style.json","event":{"action":"RequestedFromCache","tileX":1,"tileY":3,"tileZ":3,"overscaledZ":3,"sourceID":"openmaptiles"}}
{"name":"onTileAction","time":"2026-02-04T18:54:20.189Z","styleName":"Americana","styleURL":"https://americanamap.org/style.json","event":{"action":"StartParse","tileX":1,"tileY":3,"tileZ":3,"overscaledZ":3,"sourceID":"openmaptiles"}}
{"name":"onTileAction","time":"2026-02-04T18:54:20.189Z","styleName":"Americana","styleURL":"https://americanamap.org/style.json","event":{"action":"LoadFromCache","tileX":3,"tileY":5,"tileZ":4,"overscaledZ":4,"sourceID":"openmaptiles"}}
{"name":"onTileAction","time":"2026-02-04T18:54:20.189Z","styleName":"Americana","styleURL":"https://americanamap.org/style.json","event":{"action":"RequestedFromNetwork","tileX":3,"tileY":5,"tileZ":4,"overscaledZ":4,"sourceID":"openmaptiles"}}
{"name":"onSpriteLoaded","time":"2026-02-04T18:54:20.190Z","styleName":"Americana","styleURL":"https://americanamap.org/style.json","event":{"id":"default","url":"https://americanamap.org/sprites/sprite"}}
{"name":"onTileAction","time":"2026-02-04T18:54:20.190Z","styleName":"Americana","styleURL":"https://americanamap.org/style.json","event":{"action":"LoadFromCache","tileX":5,"tileY":6,"tileZ":4,"overscaledZ":4,"sourceID":"openmaptiles"}}
{"name":"onTileAction","time":"2026-02-04T18:54:20.190Z","styleName":"Americana","styleURL":"https://americanamap.org/style.json","event":{"action":"RequestedFromNetwork","tileX":5,"tileY":6,"tileZ":4,"overscaledZ":4,"sourceID":"openmaptiles"}}
{"name":"onTileAction","time":"2026-02-04T18:54:20.190Z","styleName":"Americana","styleURL":"https://americanamap.org/style.json","event":{"action":"LoadFromCache","tileX":5,"tileY":5,"tileZ":4,"overscaledZ":4,"sourceID":"openmaptiles"}}
{"name":"onTileAction","time":"2026-02-04T18:54:20.190Z","styleName":"Americana","styleURL":"https://americanamap.org/style.json","event":{"action":"RequestedFromNetwork","tileX":5,"tileY":5,"tileZ":4,"overscaledZ":4,"sourceID":"openmaptiles"}}
{"name":"onTileAction","time":"2026-02-04T18:54:20.190Z","styleName":"Americana","styleURL":"https://americanamap.org/style.json","event":{"action":"LoadFromCache","tileX":4,"tileY":4,"tileZ":4,"overscaledZ":4,"sourceID":"openmaptiles"}}
{"name":"onTileAction","time":"2026-02-04T18:54:20.190Z","styleName":"Americana","styleURL":"https://americanamap.org/style.json","event":{"action":"RequestedFromNetwork","tileX":4,"tileY":4,"tileZ":4,"overscaledZ":4,"sourceID":"openmaptiles"}}
{"name":"onTileAction","time":"2026-02-04T18:54:20.190Z","styleName":"Americana","styleURL":"https://americanamap.org/style.json","event":{"action":"LoadFromCache","tileX":3,"tileY":4,"tileZ":4,"overscaledZ":4,"sourceID":"openmaptiles"}}
{"name":"onTileAction","time":"2026-02-04T18:54:20.190Z","styleName":"Americana","styleURL":"https://americanamap.org/style.json","event":{"action":"RequestedFromNetwork","tileX":3,"tileY":4,"tileZ":4,"overscaledZ":4,"sourceID":"openmaptiles"}}
{"name":"onTileAction","time":"2026-02-04T18:54:20.190Z","styleName":"Americana","styleURL":"https://americanamap.org/style.json","event":{"action":"LoadFromCache","tileX":5,"tileY":4,"tileZ":4,"overscaledZ":4,"sourceID":"openmaptiles"}}
{"name":"onTileAction","time":"2026-02-04T18:54:20.190Z","styleName":"Americana","styleURL":"https://americanamap.org/style.json","event":{"action":"RequestedFromNetwork","tileX":5,"tileY":4,"tileZ":4,"overscaledZ":4,"sourceID":"openmaptiles"}}
{"name":"onTileAction","time":"2026-02-04T18:54:20.195Z","styleName":"Americana","styleURL":"https://americanamap.org/style.json","event":{"action":"RequestedFromCache","tileX":1,"tileY":2,"tileZ":3,"overscaledZ":3,"sourceID":"openmaptiles"}}
{"name":"onTileAction","time":"2026-02-04T18:54:20.195Z","styleName":"Americana","styleURL":"https://americanamap.org/style.json","event":{"action":"StartParse","tileX":1,"tileY":2,"tileZ":3,"overscaledZ":3,"sourceID":"openmaptiles"}}
{"name":"onTileAction","time":"2026-02-04T18:54:20.196Z","styleName":"Americana","styleURL":"https://americanamap.org/style.json","event":{"action":"LoadFromCache","tileX":4,"tileY":3,"tileZ":4,"overscaledZ":4,"sourceID":"openmaptiles"}}
{"name":"onTileAction","time":"2026-02-04T18:54:20.196Z","styleName":"Americana","styleURL":"https://americanamap.org/style.json","event":{"action":"RequestedFromNetwork","tileX":4,"tileY":3,"tileZ":4,"overscaledZ":4,"sourceID":"openmaptiles"}}
{"name":"onTileAction","time":"2026-02-04T18:54:20.196Z","styleName":"Americana","styleURL":"https://americanamap.org/style.json","event":{"action":"LoadFromCache","tileX":3,"tileY":3,"tileZ":4,"overscaledZ":4,"sourceID":"openmaptiles"}}
{"name":"onTileAction","time":"2026-02-04T18:54:20.196Z","styleName":"Americana","styleURL":"https://americanamap.org/style.json","event":{"action":"RequestedFromNetwork","tileX":3,"tileY":3,"tileZ":4,"overscaledZ":4,"sourceID":"openmaptiles"}}
{"name":"onTileAction","time":"2026-02-04T18:54:20.196Z","styleName":"Americana","styleURL":"https://americanamap.org/style.json","event":{"action":"LoadFromCache","tileX":5,"tileY":3,"tileZ":4,"overscaledZ":4,"sourceID":"openmaptiles"}}
{"name":"onTileAction","time":"2026-02-04T18:54:20.196Z","styleName":"Americana","styleURL":"https://americanamap.org/style.json","event":{"action":"RequestedFromNetwork","tileX":5,"tileY":3,"tileZ":4,"overscaledZ":4,"sourceID":"openmaptiles"}}
{"name":"onTileAction","time":"2026-02-04T18:54:20.196Z","styleName":"Americana","styleURL":"https://americanamap.org/style.json","event":{"action":"LoadFromCache","tileX":2,"tileY":3,"tileZ":4,"overscaledZ":4,"sourceID":"openmaptiles"}}
{"name":"onTileAction","time":"2026-02-04T18:54:20.196Z","styleName":"Americana","styleURL":"https://americanamap.org/style.json","event":{"action":"RequestedFromNetwork","tileX":2,"tileY":3,"tileZ":4,"overscaledZ":4,"sourceID":"openmaptiles"}}
{"name":"onTileAction","time":"2026-02-04T18:54:20.196Z","styleName":"Americana","styleURL":"https://americanamap.org/style.json","event":{"action":"LoadFromCache","tileX":6,"tileY":3,"tileZ":4,"overscaledZ":4,"sourceID":"openmaptiles"}}
{"name":"onTileAction","time":"2026-02-04T18:54:20.196Z","styleName":"Americana","styleURL":"https://americanamap.org/style.json","event":{"action":"RequestedFromNetwork","tileX":6,"tileY":3,"tileZ":4,"overscaledZ":4,"sourceID":"openmaptiles"}}
{"name":"onTileAction","time":"2026-02-04T18:54:20.196Z","styleName":"Americana","styleURL":"https://americanamap.org/style.json","event":{"action":"LoadFromCache","tileX":2,"tileY":3,"tileZ":3,"overscaledZ":3,"sourceID":"openmaptiles"}}
{"name":"onTileAction","time":"2026-02-04T18:54:20.196Z","styleName":"Americana","styleURL":"https://americanamap.org/style.json","event":{"action":"LoadFromCache","tileX":2,"tileY":2,"tileZ":3,"overscaledZ":3,"sourceID":"openmaptiles"}}
{"name":"onTileAction","time":"2026-02-04T18:54:20.196Z","styleName":"Americana","styleURL":"https://americanamap.org/style.json","event":{"action":"LoadFromCache","tileX":1,"tileY":3,"tileZ":3,"overscaledZ":3,"sourceID":"openmaptiles"}}
{"name":"onTileAction","time":"2026-02-04T18:54:20.200Z","styleName":"Americana","styleURL":"https://americanamap.org/style.json","event":{"action":"RequestedFromCache","tileX":1,"tileY":1,"tileZ":2,"overscaledZ":2,"sourceID":"openmaptiles"}}
{"name":"onTileAction","time":"2026-02-04T18:54:20.200Z","styleName":"Americana","styleURL":"https://americanamap.org/style.json","event":{"action":"StartParse","tileX":1,"tileY":1,"tileZ":2,"overscaledZ":2,"sourceID":"openmaptiles"}}
{"name":"onTileAction","time":"2026-02-04T18:54:20.200Z","styleName":"Americana","styleURL":"https://americanamap.org/style.json","event":{"action":"RequestedFromCache","tileX":0,"tileY":1,"tileZ":2,"overscaledZ":2,"sourceID":"openmaptiles"}}
{"name":"onTileAction","time":"2026-02-04T18:54:20.200Z","styleName":"Americana","styleURL":"https://americanamap.org/style.json","event":{"action":"StartParse","tileX":0,"tileY":1,"tileZ":2,"overscaledZ":2,"sourceID":"openmaptiles"}}
{"name":"onTileAction","time":"2026-02-04T18:54:20.200Z","styleName":"Americana","styleURL":"https://americanamap.org/style.json","event":{"action":"RequestedFromCache","tileX":2,"tileY":1,"tileZ":3,"overscaledZ":3,"sourceID":"openmaptiles"}}
{"name":"onTileAction","time":"2026-02-04T18:54:20.200Z","styleName":"Americana","styleURL":"https://americanamap.org/style.json","event":{"action":"StartParse","tileX":2,"tileY":1,"tileZ":3,"overscaledZ":3,"sourceID":"openmaptiles"}}
{"name":"onTileAction","time":"2026-02-04T18:54:20.200Z","styleName":"Americana","styleURL":"https://americanamap.org/style.json","event":{"action":"RequestedFromCache","tileX":1,"tileY":1,"tileZ":3,"overscaledZ":3,"sourceID":"openmaptiles"}}
{"name":"onTileAction","time":"2026-02-04T18:54:20.200Z","styleName":"Americana","styleURL":"https://americanamap.org/style.json","event":{"action":"StartParse","tileX":1,"tileY":1,"tileZ":3,"overscaledZ":3,"sourceID":"openmaptiles"}}
{"name":"onTileAction","time":"2026-02-04T18:54:20.200Z","styleName":"Americana","styleURL":"https://americanamap.org/style.json","event":{"action":"RequestedFromCache","tileX":3,"tileY":1,"tileZ":3,"overscaledZ":3,"sourceID":"openmaptiles"}}
{"name":"onTileAction","time":"2026-02-04T18:54:20.200Z","styleName":"Americana","styleURL":"https://americanamap.org/style.json","event":{"action":"StartParse","tileX":3,"tileY":1,"tileZ":3,"overscaledZ":3,"sourceID":"openmaptiles"}}
{"name":"onTileAction","time":"2026-02-04T18:54:20.214Z","styleName":"Americana","styleURL":"https://americanamap.org/style.json","event":{"action":"LoadFromCache","tileX":1,"tileY":2,"tileZ":3,"overscaledZ":3,"sourceID":"openmaptiles"}}
{"name":"onTileAction","time":"2026-02-04T18:54:20.214Z","styleName":"Americana","styleURL":"https://americanamap.org/style.json","event":{"action":"LoadFromCache","tileX":1,"tileY":1,"tileZ":2,"overscaledZ":2,"sourceID":"openmaptiles"}}
{"name":"onTileAction","time":"2026-02-04T18:54:20.214Z","styleName":"Americana","styleURL":"https://americanamap.org/style.json","event":{"action":"LoadFromCache","tileX":2,"tileY":1,"tileZ":3,"overscaledZ":3,"sourceID":"openmaptiles"}}
{"name":"onTileAction","time":"2026-02-04T18:54:20.214Z","styleName":"Americana","styleURL":"https://americanamap.org/style.json","event":{"action":"LoadFromCache","tileX":1,"tileY":1,"tileZ":3,"overscaledZ":3,"sourceID":"openmaptiles"}}
{"name":"onTileAction","time":"2026-02-04T18:54:20.214Z","styleName":"Americana","styleURL":"https://americanamap.org/style.json","event":{"action":"LoadFromCache","tileX":3,"tileY":1,"tileZ":3,"overscaledZ":3,"sourceID":"openmaptiles"}}
{"name":"onGlyphsRequested","time":"2026-02-04T18:54:20.214Z","styleName":"Americana","styleURL":"https://americanamap.org/style.json","event":{"fonts":["Americana-Bold-Italic"],"rangeStart":0,"rangeEnd":255}}
{"name":"onGlyphsRequested","time":"2026-02-04T18:54:20.214Z","styleName":"Americana","styleURL":"https://americanamap.org/style.json","event":{"fonts":["Americana-Regular"],"rangeStart":54528,"rangeEnd":54783}}
{"name":"onGlyphsRequested","time":"2026-02-04T18:54:20.214Z","styleName":"Americana","styleURL":"https://americanamap.org/style.json","event":{"fonts":["Americana-Regular"],"rangeStart":44288,"rangeEnd":44543}}
{"name":"onGlyphsRequested","time":"2026-02-04T18:54:20.214Z","styleName":"Americana","styleURL":"https://americanamap.org/style.json","event":{"fonts":["Americana-Regular"],"rangeStart":64256,"rangeEnd":64511}}
{"name":"onGlyphsRequested","time":"2026-02-04T18:54:20.214Z","styleName":"Americana","styleURL":"https://americanamap.org/style.json","event":{"fonts":["Americana-Regular"],"rangeStart":25856,"rangeEnd":26111}}
{"name":"onGlyphsRequested","time":"2026-02-04T18:54:20.214Z","styleName":"Americana","styleURL":"https://americanamap.org/style.json","event":{"fonts":["Americana-Regular"],"rangeStart":22016,"rangeEnd":22271}}
{"name":"onGlyphsRequested","time":"2026-02-04T18:54:20.214Z","styleName":"Americana","styleURL":"https://americanamap.org/style.json","event":{"fonts":["Americana-Regular"],"rangeStart":19968,"rangeEnd":20223}}
{"name":"onGlyphsRequested","time":"2026-02-04T18:54:20.214Z","styleName":"Americana","styleURL":"https://americanamap.org/style.json","event":{"fonts":["Americana-Regular"],"rangeStart":4608,"rangeEnd":4863}}
{"name":"onGlyphsRequested","time":"2026-02-04T18:54:20.214Z","styleName":"Americana","styleURL":"https://americanamap.org/style.json","event":{"fonts":["Americana-Regular"],"rangeStart":27904,"rangeEnd":28159}}
{"name":"onGlyphsRequested","time":"2026-02-04T18:54:20.214Z","styleName":"Americana","styleURL":"https://americanamap.org/style.json","event":{"fonts":["Americana-Regular"],"rangeStart":65024,"rangeEnd":65279}}
{"name":"onGlyphsRequested","time":"2026-02-04T18:54:20.214Z","styleName":"Americana","styleURL":"https://americanamap.org/style.json","event":{"fonts":["Americana-Regular"],"rangeStart":7680,"rangeEnd":7935}}
{"name":"onGlyphsRequested","time":"2026-02-04T18:54:20.214Z","styleName":"Americana","styleURL":"https://americanamap.org/style.json","event":{"fonts":["Americana-Regular"],"rangeStart":47872,"rangeEnd":48127}}
{"name":"onGlyphsRequested","time":"2026-02-04T18:54:20.214Z","styleName":"Americana","styleURL":"https://americanamap.org/style.json","event":{"fonts":["Americana-Regular"],"rangeStart":45824,"rangeEnd":46079}}
{"name":"onGlyphsRequested","time":"2026-02-04T18:54:20.214Z","styleName":"Americana","styleURL":"https://americanamap.org/style.json","event":{"fonts":["Americana-Regular"],"rangeStart":2304,"rangeEnd":2559}}
{"name":"onGlyphsRequested","time":"2026-02-04T18:54:20.214Z","styleName":"Americana","styleURL":"https://americanamap.org/style.json","event":{"fonts":["Americana-Regular"],"rangeStart":4864,"rangeEnd":5119}}
{"name":"onGlyphsRequested","time":"2026-02-04T18:54:20.215Z","styleName":"Americana","styleURL":"https://americanamap.org/style.json","event":{"fonts":["Americana-Regular"],"rangeStart":26368,"rangeEnd":26623}}
{"name":"onGlyphsRequested","time":"2026-02-04T18:54:20.215Z","styleName":"Americana","styleURL":"https://americanamap.org/style.json","event":{"fonts":["Americana-Regular"],"rangeStart":1024,"rangeEnd":1279}}
{"name":"onGlyphsRequested","time":"2026-02-04T18:54:20.215Z","styleName":"Americana","styleURL":"https://americanamap.org/style.json","event":{"fonts":["Americana-Regular"],"rangeStart":0,"rangeEnd":255}}
{"name":"onTileAction","time":"2026-02-04T18:54:20.218Z","styleName":"Americana","styleURL":"https://americanamap.org/style.json","event":{"action":"RequestedFromCache","tileX":0,"tileY":0,"tileZ":1,"overscaledZ":1,"sourceID":"openmaptiles"}}
{"name":"onTileAction","time":"2026-02-04T18:54:20.218Z","styleName":"Americana","styleURL":"https://americanamap.org/style.json","event":{"action":"StartParse","tileX":0,"tileY":0,"tileZ":1,"overscaledZ":1,"sourceID":"openmaptiles"}}
{"name":"onTileAction","time":"2026-02-04T18:54:20.218Z","styleName":"Americana","styleURL":"https://americanamap.org/style.json","event":{"action":"RequestedFromCache","tileX":1,"tileY":0,"tileZ":2,"overscaledZ":2,"sourceID":"openmaptiles"}}
{"name":"onTileAction","time":"2026-02-04T18:54:20.218Z","styleName":"Americana","styleURL":"https://americanamap.org/style.json","event":{"action":"StartParse","tileX":1,"tileY":0,"tileZ":2,"overscaledZ":2,"sourceID":"openmaptiles"}}
{"name":"onTileAction","time":"2026-02-04T18:54:20.218Z","styleName":"Americana","styleURL":"https://americanamap.org/style.json","event":{"action":"RequestedFromCache","tileX":0,"tileY":0,"tileZ":2,"overscaledZ":2,"sourceID":"openmaptiles"}}
{"name":"onTileAction","time":"2026-02-04T18:54:20.218Z","styleName":"Americana","styleURL":"https://americanamap.org/style.json","event":{"action":"StartParse","tileX":0,"tileY":0,"tileZ":2,"overscaledZ":2,"sourceID":"openmaptiles"}}
{"name":"onGlyphsLoaded","time":"2026-02-04T18:54:20.231Z","styleName":"Americana","styleURL":"https://americanamap.org/style.json","event":{"fonts":["Americana-Bold-Italic"],"rangeStart":0,"rangeEnd":255}}
{"name":"onGlyphsLoaded","time":"2026-02-04T18:54:20.231Z","styleName":"Americana","styleURL":"https://americanamap.org/style.json","event":{"fonts":["Americana-Regular"],"rangeStart":54528,"rangeEnd":54783}}
{"name":"onGlyphsLoaded","time":"2026-02-04T18:54:20.231Z","styleName":"Americana","styleURL":"https://americanamap.org/style.json","event":{"fonts":["Americana-Regular"],"rangeStart":44288,"rangeEnd":44543}}
{"name":"onGlyphsLoaded","time":"2026-02-04T18:54:20.231Z","styleName":"Americana","styleURL":"https://americanamap.org/style.json","event":{"fonts":["Americana-Regular"],"rangeStart":64256,"rangeEnd":64511}}
{"name":"onGlyphsLoaded","time":"2026-02-04T18:54:20.231Z","styleName":"Americana","styleURL":"https://americanamap.org/style.json","event":{"fonts":["Americana-Regular"],"rangeStart":25856,"rangeEnd":26111}}
{"name":"onGlyphsLoaded","time":"2026-02-04T18:54:20.231Z","styleName":"Americana","styleURL":"https://americanamap.org/style.json","event":{"fonts":["Americana-Regular"],"rangeStart":22016,"rangeEnd":22271}}
{"name":"onGlyphsLoaded","time":"2026-02-04T18:54:20.231Z","styleName":"Americana","styleURL":"https://americanamap.org/style.json","event":{"fonts":["Americana-Regular"],"rangeStart":19968,"rangeEnd":20223}}
{"name":"onGlyphsLoaded","time":"2026-02-04T18:54:20.231Z","styleName":"Americana","styleURL":"https://americanamap.org/style.json","event":{"fonts":["Americana-Regular"],"rangeStart":4608,"rangeEnd":4863}}
{"name":"onGlyphsLoaded","time":"2026-02-04T18:54:20.231Z","styleName":"Americana","styleURL":"https://americanamap.org/style.json","event":{"fonts":["Americana-Regular"],"rangeStart":27904,"rangeEnd":28159}}
{"name":"onGlyphsLoaded","time":"2026-02-04T18:54:20.231Z","styleName":"Americana","styleURL":"https://americanamap.org/style.json","event":{"fonts":["Americana-Regular"],"rangeStart":65024,"rangeEnd":65279}}
{"name":"onGlyphsLoaded","time":"2026-02-04T18:54:20.232Z","styleName":"Americana","styleURL":"https://americanamap.org/style.json","event":{"fonts":["Americana-Regular"],"rangeStart":7680,"rangeEnd":7935}}
{"name":"onGlyphsLoaded","time":"2026-02-04T18:54:20.232Z","styleName":"Americana","styleURL":"https://americanamap.org/style.json","event":{"fonts":["Americana-Regular"],"rangeStart":47872,"rangeEnd":48127}}
{"name":"onGlyphsLoaded","time":"2026-02-04T18:54:20.232Z","styleName":"Americana","styleURL":"https://americanamap.org/style.json","event":{"fonts":["Americana-Regular"],"rangeStart":45824,"rangeEnd":46079}}
{"name":"onGlyphsLoaded","time":"2026-02-04T18:54:20.232Z","styleName":"Americana","styleURL":"https://americanamap.org/style.json","event":{"fonts":["Americana-Regular"],"rangeStart":2304,"rangeEnd":2559}}
{"name":"onGlyphsLoaded","time":"2026-02-04T18:54:20.232Z","styleName":"Americana","styleURL":"https://americanamap.org/style.json","event":{"fonts":["Americana-Regular"],"rangeStart":4864,"rangeEnd":5119}}
{"name":"onGlyphsLoaded","time":"2026-02-04T18:54:20.232Z","styleName":"Americana","styleURL":"https://americanamap.org/style.json","event":{"fonts":["Americana-Regular"],"rangeStart":26368,"rangeEnd":26623}}
{"name":"onGlyphsLoaded","time":"2026-02-04T18:54:20.233Z","styleName":"Americana","styleURL":"https://americanamap.org/style.json","event":{"fonts":["Americana-Regular"],"rangeStart":1024,"rangeEnd":1279}}
{"name":"onGlyphsLoaded","time":"2026-02-04T18:54:20.233Z","styleName":"Americana","styleURL":"https://americanamap.org/style.json","event":{"fonts":["Americana-Regular"],"rangeStart":0,"rangeEnd":255}}
{"name":"onTileAction","time":"2026-02-04T18:54:20.233Z","styleName":"Americana","styleURL":"https://americanamap.org/style.json","event":{"action":"LoadFromCache","tileX":0,"tileY":0,"tileZ":1,"overscaledZ":1,"sourceID":"openmaptiles"}}
{"name":"onGlyphsRequested","time":"2026-02-04T18:54:20.264Z","styleName":"Americana","styleURL":"https://americanamap.org/style.json","event":{"fonts":["Americana-Bold"],"rangeStart":0,"rangeEnd":255}}
{"name":"onGlyphsRequested","time":"2026-02-04T18:54:20.264Z","styleName":"Americana","styleURL":"https://americanamap.org/style.json","event":{"fonts":["Americana-Italic"],"rangeStart":0,"rangeEnd":255}}
{"name":"onGlyphsLoaded","time":"2026-02-04T18:54:20.281Z","styleName":"Americana","styleURL":"https://americanamap.org/style.json","event":{"fonts":["Americana-Bold"],"rangeStart":0,"rangeEnd":255}}
{"name":"onGlyphsLoaded","time":"2026-02-04T18:54:20.281Z","styleName":"Americana","styleURL":"https://americanamap.org/style.json","event":{"fonts":["Americana-Italic"],"rangeStart":0,"rangeEnd":255}}
{"name":"onGlyphsRequested","time":"2026-02-04T18:54:20.347Z","styleName":"Americana","styleURL":"https://americanamap.org/style.json","event":{"fonts":["Americana-Regular"],"rangeStart":5376,"rangeEnd":5631}}
{"name":"onGlyphsRequested","time":"2026-02-04T18:54:20.347Z","styleName":"Americana","styleURL":"https://americanamap.org/style.json","event":{"fonts":["Americana-Regular"],"rangeStart":5120,"rangeEnd":5375}}
{"name":"onGlyphsLoaded","time":"2026-02-04T18:54:20.364Z","styleName":"Americana","styleURL":"https://americanamap.org/style.json","event":{"fonts":["Americana-Regular"],"rangeStart":5376,"rangeEnd":5631}}
{"name":"onGlyphsLoaded","time":"2026-02-04T18:54:20.364Z","styleName":"Americana","styleURL":"https://americanamap.org/style.json","event":{"fonts":["Americana-Regular"],"rangeStart":5120,"rangeEnd":5375}}
{"name":"onTileAction","time":"2026-02-04T18:54:20.364Z","styleName":"Americana","styleURL":"https://americanamap.org/style.json","event":{"action":"EndParse","tileX":5,"tileY":3,"tileZ":4,"overscaledZ":4,"sourceID":"openmaptiles"}}
{"name":"onTileAction","time":"2026-02-04T18:54:20.364Z","styleName":"Americana","styleURL":"https://americanamap.org/style.json","event":{"action":"EndParse","tileX":6,"tileY":3,"tileZ":4,"overscaledZ":4,"sourceID":"openmaptiles"}}
{"name":"onPreCompileShader","time":"2026-02-04T18:54:20.369Z","styleName":"Americana","styleURL":"https://americanamap.org/style.json","event":{"shader":"FillShader","backend":1}}
{"name":"onPostCompileShader","time":"2026-02-04T18:54:20.370Z","styleName":"Americana","styleURL":"https://americanamap.org/style.json","event":{"shader":"FillShader","backend":1}}
{"name":"onPreCompileShader","time":"2026-02-04T18:54:20.370Z","styleName":"Americana","styleURL":"https://americanamap.org/style.json","event":{"shader":"FillOutlineTriangulatedShader","backend":1}}
{"name":"onPostCompileShader","time":"2026-02-04T18:54:20.370Z","styleName":"Americana","styleURL":"https://americanamap.org/style.json","event":{"shader":"FillOutlineTriangulatedShader","backend":1}}
{"name":"onPreCompileShader","time":"2026-02-04T18:54:20.370Z","styleName":"Americana","styleURL":"https://americanamap.org/style.json","event":{"shader":"FillOutlineShader","backend":1}}
{"name":"onPostCompileShader","time":"2026-02-04T18:54:20.370Z","styleName":"Americana","styleURL":"https://americanamap.org/style.json","event":{"shader":"FillOutlineShader","backend":1}}
{"name":"onPreCompileShader","time":"2026-02-04T18:54:20.370Z","styleName":"Americana","styleURL":"https://americanamap.org/style.json","event":{"shader":"LineShader","backend":1}}
{"name":"onPostCompileShader","time":"2026-02-04T18:54:20.370Z","styleName":"Americana","styleURL":"https://americanamap.org/style.json","event":{"shader":"LineShader","backend":1}}
{"name":"onPreCompileShader","time":"2026-02-04T18:54:20.371Z","styleName":"Americana","styleURL":"https://americanamap.org/style.json","event":{"shader":"FillShader","backend":1}}
{"name":"onPostCompileShader","time":"2026-02-04T18:54:20.371Z","styleName":"Americana","styleURL":"https://americanamap.org/style.json","event":{"shader":"FillShader","backend":1}}
{"name":"onPreCompileShader","time":"2026-02-04T18:54:20.371Z","styleName":"Americana","styleURL":"https://americanamap.org/style.json","event":{"shader":"FillOutlineShader","backend":1}}
{"name":"onPostCompileShader","time":"2026-02-04T18:54:20.371Z","styleName":"Americana","styleURL":"https://americanamap.org/style.json","event":{"shader":"FillOutlineShader","backend":1}}
{"name":"onPreCompileShader","time":"2026-02-04T18:54:20.371Z","styleName":"Americana","styleURL":"https://americanamap.org/style.json","event":{"shader":"LineSDFShader","backend":1}}
{"name":"onPostCompileShader","time":"2026-02-04T18:54:20.372Z","styleName":"Americana","styleURL":"https://americanamap.org/style.json","event":{"shader":"LineSDFShader","backend":1}}
{"name":"onPreCompileShader","time":"2026-02-04T18:54:20.381Z","styleName":"Americana","styleURL":"https://americanamap.org/style.json","event":{"shader":"ClippingMaskProgram","backend":1}}
{"name":"onPostCompileShader","time":"2026-02-04T18:54:20.381Z","styleName":"Americana","styleURL":"https://americanamap.org/style.json","event":{"shader":"ClippingMaskProgram","backend":1}}
{"name":"onTileAction","time":"2026-02-04T18:54:20.384Z","styleName":"Americana","styleURL":"https://americanamap.org/style.json","event":{"action":"EndParse","tileX":0,"tileY":0,"tileZ":0,"overscaledZ":0,"sourceID":"openmaptiles"}}
{"name":"onTileAction","time":"2026-02-04T18:54:20.384Z","styleName":"Americana","styleURL":"https://americanamap.org/style.json","event":{"action":"EndParse","tileX":1,"tileY":1,"tileZ":3,"overscaledZ":3,"sourceID":"openmaptiles"}}
{"name":"onTileAction","time":"2026-02-04T18:54:20.384Z","styleName":"Americana","styleURL":"https://americanamap.org/style.json","event":{"action":"EndParse","tileX":4,"tileY":6,"tileZ":4,"overscaledZ":4,"sourceID":"openmaptiles"}}
{"name":"onTileAction","time":"2026-02-04T18:54:20.384Z","styleName":"Americana","styleURL":"https://americanamap.org/style.json","event":{"action":"EndParse","tileX":2,"tileY":3,"tileZ":3,"overscaledZ":3,"sourceID":"openmaptiles"}}
{"name":"onTileAction","time":"2026-02-04T18:54:20.384Z","styleName":"Americana","styleURL":"https://americanamap.org/style.json","event":{"action":"EndParse","tileX":5,"tileY":6,"tileZ":4,"overscaledZ":4,"sourceID":"openmaptiles"}}
{"name":"onTileAction","time":"2026-02-04T18:54:20.384Z","styleName":"Americana","styleURL":"https://americanamap.org/style.json","event":{"action":"EndParse","tileX":2,"tileY":2,"tileZ":3,"overscaledZ":3,"sourceID":"openmaptiles"}}
{"name":"onTileAction","time":"2026-02-04T18:54:20.384Z","styleName":"Americana","styleURL":"https://americanamap.org/style.json","event":{"action":"EndParse","tileX":5,"tileY":5,"tileZ":4,"overscaledZ":4,"sourceID":"openmaptiles"}}
{"name":"onTileAction","time":"2026-02-04T18:54:20.384Z","styleName":"Americana","styleURL":"https://americanamap.org/style.json","event":{"action":"EndParse","tileX":1,"tileY":3,"tileZ":3,"overscaledZ":3,"sourceID":"openmaptiles"}}
{"name":"onGlyphsRequested","time":"2026-02-04T18:54:20.384Z","styleName":"Americana","styleURL":"https://americanamap.org/style.json","event":{"fonts":["Americana-Regular"],"rangeStart":11520,"rangeEnd":11775}}
{"name":"onTileAction","time":"2026-02-04T18:54:20.384Z","styleName":"Americana","styleURL":"https://americanamap.org/style.json","event":{"action":"EndParse","tileX":4,"tileY":5,"tileZ":4,"overscaledZ":4,"sourceID":"openmaptiles"}}
{"name":"onTileAction","time":"2026-02-04T18:54:20.385Z","styleName":"Americana","styleURL":"https://americanamap.org/style.json","event":{"action":"Cancelled","tileX":3,"tileY":1,"tileZ":3,"overscaledZ":3,"sourceID":"openmaptiles"}}
{"name":"onTileAction","time":"2026-02-04T18:54:20.389Z","styleName":"Americana","styleURL":"https://americanamap.org/style.json","event":{"action":"Cancelled","tileX":1,"tileY":1,"tileZ":2,"overscaledZ":2,"sourceID":"openmaptiles"}}
{"name":"onTileAction","time":"2026-02-04T18:54:20.390Z","styleName":"Americana","styleURL":"https://americanamap.org/style.json","event":{"action":"Cancelled","tileX":0,"tileY":0,"tileZ":2,"overscaledZ":2,"sourceID":"openmaptiles"}}
{"name":"onPreCompileShader","time":"2026-02-04T18:54:20.395Z","styleName":"Americana","styleURL":"https://americanamap.org/style.json","event":{"shader":"LineShader","backend":1}}
{"name":"onPostCompileShader","time":"2026-02-04T18:54:20.395Z","styleName":"Americana","styleURL":"https://americanamap.org/style.json","event":{"shader":"LineShader","backend":1}}
{"name":"onPreCompileShader","time":"2026-02-04T18:54:20.398Z","styleName":"Americana","styleURL":"https://americanamap.org/style.json","event":{"shader":"LineShader","backend":1}}
{"name":"onPostCompileShader","time":"2026-02-04T18:54:20.398Z","styleName":"Americana","styleURL":"https://americanamap.org/style.json","event":{"shader":"LineShader","backend":1}}
{"name":"onPreCompileShader","time":"2026-02-04T18:54:20.401Z","styleName":"Americana","styleURL":"https://americanamap.org/style.json","event":{"shader":"SymbolSDFShader","backend":1}}
{"name":"onPostCompileShader","time":"2026-02-04T18:54:20.401Z","styleName":"Americana","styleURL":"https://americanamap.org/style.json","event":{"shader":"SymbolSDFShader","backend":1}}
{"name":"onPreCompileShader","time":"2026-02-04T18:54:20.401Z","styleName":"Americana","styleURL":"https://americanamap.org/style.json","event":{"shader":"SymbolSDFShader","backend":1}}
{"name":"onPostCompileShader","time":"2026-02-04T18:54:20.401Z","styleName":"Americana","styleURL":"https://americanamap.org/style.json","event":{"shader":"SymbolSDFShader","backend":1}}
{"name":"onPreCompileShader","time":"2026-02-04T18:54:20.402Z","styleName":"Americana","styleURL":"https://americanamap.org/style.json","event":{"shader":"SymbolIconShader","backend":1}}
{"name":"onPostCompileShader","time":"2026-02-04T18:54:20.402Z","styleName":"Americana","styleURL":"https://americanamap.org/style.json","event":{"shader":"SymbolIconShader","backend":1}}
{"name":"onTileAction","time":"2026-02-04T18:54:20.412Z","styleName":"Americana","styleURL":"https://americanamap.org/style.json","event":{"action":"EndParse","tileX":4,"tileY":4,"tileZ":4,"overscaledZ":4,"sourceID":"openmaptiles"}}
{"name":"onTileAction","time":"2026-02-04T18:54:20.412Z","styleName":"Americana","styleURL":"https://americanamap.org/style.json","event":{"action":"EndParse","tileX":3,"tileY":5,"tileZ":4,"overscaledZ":4,"sourceID":"openmaptiles"}}
{"name":"onGlyphsLoaded","time":"2026-02-04T18:54:20.412Z","styleName":"Americana","styleURL":"https://americanamap.org/style.json","event":{"fonts":["Americana-Regular"],"rangeStart":11520,"rangeEnd":11775}}
{"name":"onTileAction","time":"2026-02-04T18:54:20.412Z","styleName":"Americana","styleURL":"https://americanamap.org/style.json","event":{"action":"EndParse","tileX":5,"tileY":4,"tileZ":4,"overscaledZ":4,"sourceID":"openmaptiles"}}
{"name":"onTileAction","time":"2026-02-04T18:54:20.412Z","styleName":"Americana","styleURL":"https://americanamap.org/style.json","event":{"action":"EndParse","tileX":3,"tileY":4,"tileZ":4,"overscaledZ":4,"sourceID":"openmaptiles"}}
{"name":"onTileAction","time":"2026-02-04T18:54:20.412Z","styleName":"Americana","styleURL":"https://americanamap.org/style.json","event":{"action":"EndParse","tileX":4,"tileY":3,"tileZ":4,"overscaledZ":4,"sourceID":"openmaptiles"}}
{"name":"onTileAction","time":"2026-02-04T18:54:20.412Z","styleName":"Americana","styleURL":"https://americanamap.org/style.json","event":{"action":"EndParse","tileX":2,"tileY":3,"tileZ":4,"overscaledZ":4,"sourceID":"openmaptiles"}}
{"name":"onTileAction","time":"2026-02-04T18:54:20.412Z","styleName":"Americana","styleURL":"https://americanamap.org/style.json","event":{"action":"EndParse","tileX":3,"tileY":3,"tileZ":4,"overscaledZ":4,"sourceID":"openmaptiles"}}
{"name":"onTileAction","time":"2026-02-04T18:54:20.412Z","styleName":"Americana","styleURL":"https://americanamap.org/style.json","event":{"action":"EndParse","tileX":1,"tileY":2,"tileZ":3,"overscaledZ":3,"sourceID":"openmaptiles"}}
{"name":"onTileAction","time":"2026-02-04T18:54:20.412Z","styleName":"Americana","styleURL":"https://americanamap.org/style.json","event":{"action":"EndParse","tileX":3,"tileY":6,"tileZ":4,"overscaledZ":4,"sourceID":"openmaptiles"}}
{"name":"onTileAction","time":"2026-02-04T18:54:20.412Z","styleName":"Americana","styleURL":"https://americanamap.org/style.json","event":{"action":"EndParse","tileX":2,"tileY":1,"tileZ":3,"overscaledZ":3,"sourceID":"openmaptiles"}}
{"name":"onTileAction","time":"2026-02-04T18:54:20.417Z","styleName":"Americana","styleURL":"https://americanamap.org/style.json","event":{"action":"Cancelled","tileX":1,"tileY":0,"tileZ":2,"overscaledZ":2,"sourceID":"openmaptiles"}}
{"name":"onTileAction","time":"2026-02-04T18:54:20.417Z","styleName":"Americana","styleURL":"https://americanamap.org/style.json","event":{"action":"Cancelled","tileX":0,"tileY":1,"tileZ":2,"overscaledZ":2,"sourceID":"openmaptiles"}}
{"name":"onTileAction","time":"2026-02-04T18:54:20.417Z","styleName":"Americana","styleURL":"https://americanamap.org/style.json","event":{"action":"Cancelled","tileX":0,"tileY":0,"tileZ":1,"overscaledZ":1,"sourceID":"openmaptiles"}}
{"name":"onDidFinishRenderingMap","time":"2026-02-04T18:54:20.442Z","styleName":"Americana","styleURL":"https://americanamap.org/style.json"}
{"name":"onDidFinishLoadingMap","time":"2026-02-04T18:54:20.442Z","styleName":"Americana","styleURL":"https://americanamap.org/style.json"}
{"name":"onDidBecomeIdle","time":"2026-02-04T18:54:21.071Z","styleName":"Americana","styleURL":"https://americanamap.org/style.json"}
{"name":"onDidBecomeIdle","time":"2026-02-04T18:54:21.371Z","styleName":"Americana","styleURL":"https://americanamap.org/style.json"}
{"name":"onDidBecomeIdle","time":"2026-02-04T18:54:21.688Z","styleName":"Americana","styleURL":"https://americanamap.org/style.json"}
{"name":"onDidBecomeIdle","time":"2026-02-04T18:54:21.988Z","styleName":"Americana","styleURL":"https://americanamap.org/style.json"}
{"name":"onDidBecomeIdle","time":"2026-02-04T18:54:22.288Z","styleName":"Americana","styleURL":"https://americanamap.org/style.json"}
{"name":"onCameraWillChange","time":"2026-02-04T18:54:22.322Z","styleName":"Americana","styleURL":"https://americanamap.org/style.json","event":{"cameraMode":0}}
{"name":"onCameraDidChange","time":"2026-02-04T18:54:22.322Z","styleName":"Americana","styleURL":"https://americanamap.org/style.json","event":{"cameraMode":0}}
{"name":"onTileAction","time":"2026-02-04T18:54:22.325Z","styleName":"Americana","styleURL":"https://americanamap.org/style.json","event":{"action":"RequestedFromCache","tileX":2,"tileY":4,"tileZ":4,"overscaledZ":4,"sourceID":"openmaptiles"}}
{"name":"onTileAction","time":"2026-02-04T18:54:22.325Z","styleName":"Americana","styleURL":"https://americanamap.org/style.json","event":{"action":"StartParse","tileX":2,"tileY":4,"tileZ":4,"overscaledZ":4,"sourceID":"openmaptiles"}}
{"name":"onTileAction","time":"2026-02-04T18:54:22.326Z","styleName":"Americana","styleURL":"https://americanamap.org/style.json","event":{"action":"StartParse","tileX":2,"tileY":4,"tileZ":4,"overscaledZ":4,"sourceID":"org.maplibre.annotations"}}
{"name":"onTileAction","time":"2026-02-04T18:54:22.339Z","styleName":"Americana","styleURL":"https://americanamap.org/style.json","event":{"action":"EndParse","tileX":2,"tileY":4,"tileZ":4,"overscaledZ":4,"sourceID":"org.maplibre.annotations"}}
{"name":"onTileAction","time":"2026-02-04T18:54:22.339Z","styleName":"Americana","styleURL":"https://americanamap.org/style.json","event":{"action":"LoadFromCache","tileX":2,"tileY":4,"tileZ":4,"overscaledZ":4,"sourceID":"openmaptiles"}}
{"name":"onTileAction","time":"2026-02-04T18:54:22.339Z","styleName":"Americana","styleURL":"https://americanamap.org/style.json","event":{"action":"RequestedFromNetwork","tileX":2,"tileY":4,"tileZ":4,"overscaledZ":4,"sourceID":"openmaptiles"}}
{"name":"onCameraWillChange","time":"2026-02-04T18:54:22.373Z","styleName":"Americana","styleURL":"https://americanamap.org/style.json","event":{"cameraMode":0}}
{"name":"onCameraDidChange","time":"2026-02-04T18:54:22.373Z","styleName":"Americana","styleURL":"https://americanamap.org/style.json","event":{"cameraMode":0}}
{"name":"onTileAction","time":"2026-02-04T18:54:22.375Z","styleName":"Americana","styleURL":"https://americanamap.org/style.json","event":{"action":"RequestedFromCache","tileX":6,"tileY":4,"tileZ":4,"overscaledZ":4,"sourceID":"openmaptiles"}}
{"name":"onTileAction","time":"2026-02-04T18:54:22.375Z","styleName":"Americana","styleURL":"https://americanamap.org/style.json","event":{"action":"StartParse","tileX":6,"tileY":4,"tileZ":4,"overscaledZ":4,"sourceID":"openmaptiles"}}
{"name":"onTileAction","time":"2026-02-04T18:54:22.377Z","styleName":"Americana","styleURL":"https://americanamap.org/style.json","event":{"action":"StartParse","tileX":6,"tileY":4,"tileZ":4,"overscaledZ":4,"sourceID":"org.maplibre.annotations"}}
{"name":"onTileAction","time":"2026-02-04T18:54:22.389Z","styleName":"Americana","styleURL":"https://americanamap.org/style.json","event":{"action":"RequestedFromNetwork","tileX":6,"tileY":4,"tileZ":4,"overscaledZ":4,"sourceID":"openmaptiles"}}
{"name":"onTileAction","time":"2026-02-04T18:54:22.389Z","styleName":"Americana","styleURL":"https://americanamap.org/style.json","event":{"action":"EndParse","tileX":6,"tileY":4,"tileZ":4,"overscaledZ":4,"sourceID":"org.maplibre.annotations"}}
{"name":"onTileAction","time":"2026-02-04T18:54:22.390Z","styleName":"Americana","styleURL":"https://americanamap.org/style.json","event":{"action":"RequestedFromCache","tileX":3,"tileY":2,"tileZ":3,"overscaledZ":3,"sourceID":"openmaptiles"}}
{"name":"onTileAction","time":"2026-02-04T18:54:22.390Z","styleName":"Americana","styleURL":"https://americanamap.org/style.json","event":{"action":"StartParse","tileX":3,"tileY":2,"tileZ":3,"overscaledZ":3,"sourceID":"openmaptiles"}}
{"name":"onTileAction","time":"2026-02-04T18:54:22.406Z","styleName":"Americana","styleURL":"https://americanamap.org/style.json","event":{"action":"EndParse","tileX":2,"tileY":4,"tileZ":4,"overscaledZ":4,"sourceID":"openmaptiles"}}
{"name":"onTileAction","time":"2026-02-04T18:54:22.406Z","styleName":"Americana","styleURL":"https://americanamap.org/style.json","event":{"action":"LoadFromCache","tileX":3,"tileY":2,"tileZ":3,"overscaledZ":3,"sourceID":"openmaptiles"}}
{"name":"onTileAction","time":"2026-02-04T18:54:22.406Z","styleName":"Americana","styleURL":"https://americanamap.org/style.json","event":{"action":"RequestedFromCache","tileX":1,"tileY":1,"tileZ":2,"overscaledZ":2,"sourceID":"openmaptiles"}}
{"name":"onTileAction","time":"2026-02-04T18:54:22.406Z","styleName":"Americana","styleURL":"https://americanamap.org/style.json","event":{"action":"StartParse","tileX":1,"tileY":1,"tileZ":2,"overscaledZ":2,"sourceID":"openmaptiles"}}
{"name":"onTileAction","time":"2026-02-04T18:54:22.423Z","styleName":"Americana","styleURL":"https://americanamap.org/style.json","event":{"action":"LoadFromCache","tileX":1,"tileY":1,"tileZ":2,"overscaledZ":2,"sourceID":"openmaptiles"}}
{"name":"onCameraWillChange","time":"2026-02-04T18:54:22.424Z","styleName":"Americana","styleURL":"https://americanamap.org/style.json","event":{"cameraMode":0}}
{"name":"onCameraDidChange","time":"2026-02-04T18:54:22.424Z","styleName":"Americana","styleURL":"https://americanamap.org/style.json","event":{"cameraMode":0}}
{"name":"onTileAction","time":"2026-02-04T18:54:22.426Z","styleName":"Americana","styleURL":"https://americanamap.org/style.json","event":{"action":"RequestedFromCache","tileX":0,"tileY":0,"tileZ":1,"overscaledZ":1,"sourceID":"openmaptiles"}}
{"name":"onTileAction","time":"2026-02-04T18:54:22.426Z","styleName":"Americana","styleURL":"https://americanamap.org/style.json","event":{"action":"StartParse","tileX":0,"tileY":0,"tileZ":1,"overscaledZ":1,"sourceID":"openmaptiles"}}
{"name":"onTileAction","time":"2026-02-04T18:54:22.426Z","styleName":"Americana","styleURL":"https://americanamap.org/style.json","event":{"action":"RequestedFromCache","tileX":4,"tileY":2,"tileZ":4,"overscaledZ":4,"sourceID":"openmaptiles"}}
{"name":"onTileAction","time":"2026-02-04T18:54:22.426Z","styleName":"Americana","styleURL":"https://americanamap.org/style.json","event":{"action":"StartParse","tileX":4,"tileY":2,"tileZ":4,"overscaledZ":4,"sourceID":"openmaptiles"}}
{"name":"onTileAction","time":"2026-02-04T18:54:22.426Z","styleName":"Americana","styleURL":"https://americanamap.org/style.json","event":{"action":"RequestedFromCache","tileX":5,"tileY":2,"tileZ":4,"overscaledZ":4,"sourceID":"openmaptiles"}}
{"name":"onTileAction","time":"2026-02-04T18:54:22.426Z","styleName":"Americana","styleURL":"https://americanamap.org/style.json","event":{"action":"StartParse","tileX":5,"tileY":2,"tileZ":4,"overscaledZ":4,"sourceID":"openmaptiles"}}
{"name":"onTileAction","time":"2026-02-04T18:54:22.426Z","styleName":"Americana","styleURL":"https://americanamap.org/style.json","event":{"action":"RequestedFromCache","tileX":3,"tileY":2,"tileZ":4,"overscaledZ":4,"sourceID":"openmaptiles"}}
{"name":"onTileAction","time":"2026-02-04T18:54:22.426Z","styleName":"Americana","styleURL":"https://americanamap.org/style.json","event":{"action":"StartParse","tileX":3,"tileY":2,"tileZ":4,"overscaledZ":4,"sourceID":"openmaptiles"}}
{"name":"onTileAction","time":"2026-02-04T18:54:22.426Z","styleName":"Americana","styleURL":"https://americanamap.org/style.json","event":{"action":"RequestedFromCache","tileX":6,"tileY":2,"tileZ":4,"overscaledZ":4,"sourceID":"openmaptiles"}}
{"name":"onTileAction","time":"2026-02-04T18:54:22.426Z","styleName":"Americana","styleURL":"https://americanamap.org/style.json","event":{"action":"StartParse","tileX":6,"tileY":2,"tileZ":4,"overscaledZ":4,"sourceID":"openmaptiles"}}
{"name":"onTileAction","time":"2026-02-04T18:54:22.426Z","styleName":"Americana","styleURL":"https://americanamap.org/style.json","event":{"action":"RequestedFromCache","tileX":2,"tileY":2,"tileZ":4,"overscaledZ":4,"sourceID":"openmaptiles"}}
{"name":"onTileAction","time":"2026-02-04T18:54:22.426Z","styleName":"Americana","styleURL":"https://americanamap.org/style.json","event":{"action":"StartParse","tileX":2,"tileY":2,"tileZ":4,"overscaledZ":4,"sourceID":"openmaptiles"}}
{"name":"onTileAction","time":"2026-02-04T18:54:22.428Z","styleName":"Americana","styleURL":"https://americanamap.org/style.json","event":{"action":"StartParse","tileX":4,"tileY":2,"tileZ":4,"overscaledZ":4,"sourceID":"org.maplibre.annotations"}}
{"name":"onTileAction","time":"2026-02-04T18:54:22.428Z","styleName":"Americana","styleURL":"https://americanamap.org/style.json","event":{"action":"StartParse","tileX":5,"tileY":2,"tileZ":4,"overscaledZ":4,"sourceID":"org.maplibre.annotations"}}
{"name":"onTileAction","time":"2026-02-04T18:54:22.428Z","styleName":"Americana","styleURL":"https://americanamap.org/style.json","event":{"action":"StartParse","tileX":3,"tileY":2,"tileZ":4,"overscaledZ":4,"sourceID":"org.maplibre.annotations"}}
{"name":"onTileAction","time":"2026-02-04T18:54:22.428Z","styleName":"Americana","styleURL":"https://americanamap.org/style.json","event":{"action":"StartParse","tileX":6,"tileY":2,"tileZ":4,"overscaledZ":4,"sourceID":"org.maplibre.annotations"}}
{"name":"onTileAction","time":"2026-02-04T18:54:22.429Z","styleName":"Americana","styleURL":"https://americanamap.org/style.json","event":{"action":"StartParse","tileX":2,"tileY":2,"tileZ":4,"overscaledZ":4,"sourceID":"org.maplibre.annotations"}}
{"name":"onTileAction","time":"2026-02-04T18:54:22.441Z","styleName":"Americana","styleURL":"https://americanamap.org/style.json","event":{"action":"EndParse","tileX":3,"tileY":2,"tileZ":3,"overscaledZ":3,"sourceID":"openmaptiles"}}
{"name":"onTileAction","time":"2026-02-04T18:54:22.441Z","styleName":"Americana","styleURL":"https://americanamap.org/style.json","event":{"action":"LoadFromCache","tileX":0,"tileY":0,"tileZ":1,"overscaledZ":1,"sourceID":"openmaptiles"}}
{"name":"onTileAction","time":"2026-02-04T18:54:22.441Z","styleName":"Americana","styleURL":"https://americanamap.org/style.json","event":{"action":"LoadFromCache","tileX":4,"tileY":2,"tileZ":4,"overscaledZ":4,"sourceID":"openmaptiles"}}
{"name":"onTileAction","time":"2026-02-04T18:54:22.441Z","styleName":"Americana","styleURL":"https://americanamap.org/style.json","event":{"action":"RequestedFromNetwork","tileX":4,"tileY":2,"tileZ":4,"overscaledZ":4,"sourceID":"openmaptiles"}}
{"name":"onTileAction","time":"2026-02-04T18:54:22.441Z","styleName":"Americana","styleURL":"https://americanamap.org/style.json","event":{"action":"LoadFromCache","tileX":5,"tileY":2,"tileZ":4,"overscaledZ":4,"sourceID":"openmaptiles"}}
{"name":"onTileAction","time":"2026-02-04T18:54:22.441Z","styleName":"Americana","styleURL":"https://americanamap.org/style.json","event":{"action":"RequestedFromNetwork","tileX":5,"tileY":2,"tileZ":4,"overscaledZ":4,"sourceID":"openmaptiles"}}
{"name":"onTileAction","time":"2026-02-04T18:54:22.441Z","styleName":"Americana","styleURL":"https://americanamap.org/style.json","event":{"action":"EndParse","tileX":4,"tileY":2,"tileZ":4,"overscaledZ":4,"sourceID":"org.maplibre.annotations"}}
{"name":"onTileAction","time":"2026-02-04T18:54:22.441Z","styleName":"Americana","styleURL":"https://americanamap.org/style.json","event":{"action":"LoadFromCache","tileX":3,"tileY":2,"tileZ":4,"overscaledZ":4,"sourceID":"openmaptiles"}}
{"name":"onTileAction","time":"2026-02-04T18:54:22.441Z","styleName":"Americana","styleURL":"https://americanamap.org/style.json","event":{"action":"RequestedFromNetwork","tileX":3,"tileY":2,"tileZ":4,"overscaledZ":4,"sourceID":"openmaptiles"}}
{"name":"onTileAction","time":"2026-02-04T18:54:22.441Z","styleName":"Americana","styleURL":"https://americanamap.org/style.json","event":{"action":"EndParse","tileX":5,"tileY":2,"tileZ":4,"overscaledZ":4,"sourceID":"org.maplibre.annotations"}}
{"name":"onTileAction","time":"2026-02-04T18:54:22.441Z","styleName":"Americana","styleURL":"https://americanamap.org/style.json","event":{"action":"EndParse","tileX":3,"tileY":2,"tileZ":4,"overscaledZ":4,"sourceID":"org.maplibre.annotations"}}
{"name":"onTileAction","time":"2026-02-04T18:54:22.441Z","styleName":"Americana","styleURL":"https://americanamap.org/style.json","event":{"action":"LoadFromCache","tileX":6,"tileY":2,"tileZ":4,"overscaledZ":4,"sourceID":"openmaptiles"}}
{"name":"onTileAction","time":"2026-02-04T18:54:22.441Z","styleName":"Americana","styleURL":"https://americanamap.org/style.json","event":{"action":"RequestedFromNetwork","tileX":6,"tileY":2,"tileZ":4,"overscaledZ":4,"sourceID":"openmaptiles"}}
{"name":"onTileAction","time":"2026-02-04T18:54:22.441Z","styleName":"Americana","styleURL":"https://americanamap.org/style.json","event":{"action":"EndParse","tileX":6,"tileY":2,"tileZ":4,"overscaledZ":4,"sourceID":"org.maplibre.annotations"}}
{"name":"onTileAction","time":"2026-02-04T18:54:22.441Z","styleName":"Americana","styleURL":"https://americanamap.org/style.json","event":{"action":"EndParse","tileX":2,"tileY":2,"tileZ":4,"overscaledZ":4,"sourceID":"org.maplibre.annotations"}}
{"name":"onTileAction","time":"2026-02-04T18:54:22.441Z","styleName":"Americana","styleURL":"https://americanamap.org/style.json","event":{"action":"LoadFromCache","tileX":2,"tileY":2,"tileZ":4,"overscaledZ":4,"sourceID":"openmaptiles"}}
{"name":"onTileAction","time":"2026-02-04T18:54:22.441Z","styleName":"Americana","styleURL":"https://americanamap.org/style.json","event":{"action":"RequestedFromNetwork","tileX":2,"tileY":2,"tileZ":4,"overscaledZ":4,"sourceID":"openmaptiles"}}
{"name":"onTileAction","time":"2026-02-04T18:54:22.441Z","styleName":"Americana","styleURL":"https://americanamap.org/style.json","event":{"action":"LoadFromNetwork","tileX":6,"tileY":4,"tileZ":4,"overscaledZ":4,"sourceID":"openmaptiles"}}
{"name":"onTileAction","time":"2026-02-04T18:54:22.443Z","styleName":"Americana","styleURL":"https://americanamap.org/style.json","event":{"action":"RequestedFromCache","tileX":3,"tileY":1,"tileZ":3,"overscaledZ":3,"sourceID":"openmaptiles"}}
{"name":"onTileAction","time":"2026-02-04T18:54:22.443Z","styleName":"Americana","styleURL":"https://americanamap.org/style.json","event":{"action":"StartParse","tileX":3,"tileY":1,"tileZ":3,"overscaledZ":3,"sourceID":"openmaptiles"}}
{"name":"onTileAction","time":"2026-02-04T18:54:22.460Z","styleName":"Americana","styleURL":"https://americanamap.org/style.json","event":{"action":"LoadFromCache","tileX":3,"tileY":1,"tileZ":3,"overscaledZ":3,"sourceID":"openmaptiles"}}
{"name":"onTileAction","time":"2026-02-04T18:54:22.460Z","styleName":"Americana","styleURL":"https://americanamap.org/style.json","event":{"action":"EndParse","tileX":5,"tileY":2,"tileZ":4,"overscaledZ":4,"sourceID":"openmaptiles"}}
{"name":"onCameraWillChange","time":"2026-02-04T18:54:22.460Z","styleName":"Americana","styleURL":"https://americanamap.org/style.json","event":{"cameraMode":0}}
{"name":"onCameraDidChange","time":"2026-02-04T18:54:22.460Z","styleName":"Americana","styleURL":"https://americanamap.org/style.json","event":{"cameraMode":0}}
{"name":"onTileAction","time":"2026-02-04T18:54:22.462Z","styleName":"Americana","styleURL":"https://americanamap.org/style.json","event":{"action":"RequestedFromNetwork","tileX":2,"tileY":2,"tileZ":3,"overscaledZ":3,"sourceID":"openmaptiles"}}
{"name":"onTileAction","time":"2026-02-04T18:54:22.462Z","styleName":"Americana","styleURL":"https://americanamap.org/style.json","event":{"action":"RequestedFromNetwork","tileX":2,"tileY":3,"tileZ":3,"overscaledZ":3,"sourceID":"openmaptiles"}}
{"name":"onTileAction","time":"2026-02-04T18:54:22.462Z","styleName":"Americana","styleURL":"https://americanamap.org/style.json","event":{"action":"RequestedFromNetwork","tileX":1,"tileY":2,"tileZ":3,"overscaledZ":3,"sourceID":"openmaptiles"}}
{"name":"onTileAction","time":"2026-02-04T18:54:22.462Z","styleName":"Americana","styleURL":"https://americanamap.org/style.json","event":{"action":"RequestedFromNetwork","tileX":1,"tileY":3,"tileZ":3,"overscaledZ":3,"sourceID":"openmaptiles"}}
{"name":"onTileAction","time":"2026-02-04T18:54:22.462Z","styleName":"Americana","styleURL":"https://americanamap.org/style.json","event":{"action":"RequestedFromNetwork","tileX":3,"tileY":2,"tileZ":3,"overscaledZ":3,"sourceID":"openmaptiles"}}
{"name":"onTileAction","time":"2026-02-04T18:54:22.462Z","styleName":"Americana","styleURL":"https://americanamap.org/style.json","event":{"action":"RequestedFromNetwork","tileX":2,"tileY":1,"tileZ":3,"overscaledZ":3,"sourceID":"openmaptiles"}}
{"name":"onTileAction","time":"2026-02-04T18:54:22.462Z","styleName":"Americana","styleURL":"https://americanamap.org/style.json","event":{"action":"RequestedFromNetwork","tileX":1,"tileY":1,"tileZ":3,"overscaledZ":3,"sourceID":"openmaptiles"}}
{"name":"onTileAction","time":"2026-02-04T18:54:22.462Z","styleName":"Americana","styleURL":"https://americanamap.org/style.json","event":{"action":"RequestedFromNetwork","tileX":3,"tileY":1,"tileZ":3,"overscaledZ":3,"sourceID":"openmaptiles"}}
{"name":"onTileAction","time":"2026-02-04T18:54:22.462Z","styleName":"Americana","styleURL":"https://americanamap.org/style.json","event":{"action":"RequestedFromCache","tileX":1,"tileY":0,"tileZ":2,"overscaledZ":2,"sourceID":"openmaptiles"}}
{"name":"onTileAction","time":"2026-02-04T18:54:22.462Z","styleName":"Americana","styleURL":"https://americanamap.org/style.json","event":{"action":"StartParse","tileX":1,"tileY":0,"tileZ":2,"overscaledZ":2,"sourceID":"openmaptiles"}}
{"name":"onTileAction","time":"2026-02-04T18:54:22.462Z","styleName":"Americana","styleURL":"https://americanamap.org/style.json","event":{"action":"RequestedFromCache","tileX":0,"tileY":1,"tileZ":3,"overscaledZ":3,"sourceID":"openmaptiles"}}
{"name":"onTileAction","time":"2026-02-04T18:54:22.462Z","styleName":"Americana","styleURL":"https://americanamap.org/style.json","event":{"action":"StartParse","tileX":0,"tileY":1,"tileZ":3,"overscaledZ":3,"sourceID":"openmaptiles"}}
{"name":"onTileAction","time":"2026-02-04T18:54:22.463Z","styleName":"Americana","styleURL":"https://americanamap.org/style.json","event":{"action":"RequestedFromCache","tileX":2,"tileY":0,"tileZ":3,"overscaledZ":3,"sourceID":"openmaptiles"}}
{"name":"onTileAction","time":"2026-02-04T18:54:22.463Z","styleName":"Americana","styleURL":"https://americanamap.org/style.json","event":{"action":"StartParse","tileX":2,"tileY":0,"tileZ":3,"overscaledZ":3,"sourceID":"openmaptiles"}}
{"name":"onTileAction","time":"2026-02-04T18:54:22.463Z","styleName":"Americana","styleURL":"https://americanamap.org/style.json","event":{"action":"RequestedFromCache","tileX":1,"tileY":0,"tileZ":3,"overscaledZ":3,"sourceID":"openmaptiles"}}
{"name":"onTileAction","time":"2026-02-04T18:54:22.463Z","styleName":"Americana","styleURL":"https://americanamap.org/style.json","event":{"action":"StartParse","tileX":1,"tileY":0,"tileZ":3,"overscaledZ":3,"sourceID":"openmaptiles"}}
{"name":"onTileAction","time":"2026-02-04T18:54:22.463Z","styleName":"Americana","styleURL":"https://americanamap.org/style.json","event":{"action":"RequestedFromCache","tileX":3,"tileY":0,"tileZ":3,"overscaledZ":3,"sourceID":"openmaptiles"}}
{"name":"onTileAction","time":"2026-02-04T18:54:22.463Z","styleName":"Americana","styleURL":"https://americanamap.org/style.json","event":{"action":"StartParse","tileX":3,"tileY":0,"tileZ":3,"overscaledZ":3,"sourceID":"openmaptiles"}}
{"name":"onTileAction","time":"2026-02-04T18:54:22.463Z","styleName":"Americana","styleURL":"https://americanamap.org/style.json","event":{"action":"RequestedFromCache","tileX":0,"tileY":0,"tileZ":3,"overscaledZ":3,"sourceID":"openmaptiles"}}
{"name":"onTileAction","time":"2026-02-04T18:54:22.463Z","styleName":"Americana","styleURL":"https://americanamap.org/style.json","event":{"action":"StartParse","tileX":0,"tileY":0,"tileZ":3,"overscaledZ":3,"sourceID":"openmaptiles"}}
{"name":"onTileAction","time":"2026-02-04T18:54:22.464Z","styleName":"Americana","styleURL":"https://americanamap.org/style.json","event":{"action":"StartParse","tileX":2,"tileY":2,"tileZ":3,"overscaledZ":3,"sourceID":"org.maplibre.annotations"}}
{"name":"onTileAction","time":"2026-02-04T18:54:22.464Z","styleName":"Americana","styleURL":"https://americanamap.org/style.json","event":{"action":"StartParse","tileX":2,"tileY":3,"tileZ":3,"overscaledZ":3,"sourceID":"org.maplibre.annotations"}}
{"name":"onTileAction","time":"2026-02-04T18:54:22.464Z","styleName":"Americana","styleURL":"https://americanamap.org/style.json","event":{"action":"StartParse","tileX":1,"tileY":2,"tileZ":3,"overscaledZ":3,"sourceID":"org.maplibre.annotations"}}
{"name":"onTileAction","time":"2026-02-04T18:54:22.465Z","styleName":"Americana","styleURL":"https://americanamap.org/style.json","event":{"action":"StartParse","tileX":1,"tileY":3,"tileZ":3,"overscaledZ":3,"sourceID":"org.maplibre.annotations"}}
{"name":"onTileAction","time":"2026-02-04T18:54:22.465Z","styleName":"Americana","styleURL":"https://americanamap.org/style.json","event":{"action":"StartParse","tileX":3,"tileY":2,"tileZ":3,"overscaledZ":3,"sourceID":"org.maplibre.annotations"}}
{"name":"onTileAction","time":"2026-02-04T18:54:22.465Z","styleName":"Americana","styleURL":"https://americanamap.org/style.json","event":{"action":"StartParse","tileX":2,"tileY":1,"tileZ":3,"overscaledZ":3,"sourceID":"org.maplibre.annotations"}}
{"name":"onTileAction","time":"2026-02-04T18:54:22.465Z","styleName":"Americana","styleURL":"https://americanamap.org/style.json","event":{"action":"StartParse","tileX":1,"tileY":1,"tileZ":3,"overscaledZ":3,"sourceID":"org.maplibre.annotations"}}
{"name":"onTileAction","time":"2026-02-04T18:54:22.465Z","styleName":"Americana","styleURL":"https://americanamap.org/style.json","event":{"action":"StartParse","tileX":3,"tileY":1,"tileZ":3,"overscaledZ":3,"sourceID":"org.maplibre.annotations"}}
{"name":"onTileAction","time":"2026-02-04T18:54:22.465Z","styleName":"Americana","styleURL":"https://americanamap.org/style.json","event":{"action":"StartParse","tileX":0,"tileY":1,"tileZ":3,"overscaledZ":3,"sourceID":"org.maplibre.annotations"}}
{"name":"onTileAction","time":"2026-02-04T18:54:22.466Z","styleName":"Americana","styleURL":"https://americanamap.org/style.json","event":{"action":"StartParse","tileX":2,"tileY":0,"tileZ":3,"overscaledZ":3,"sourceID":"org.maplibre.annotations"}}
{"name":"onTileAction","time":"2026-02-04T18:54:22.466Z","styleName":"Americana","styleURL":"https://americanamap.org/style.json","event":{"action":"StartParse","tileX":1,"tileY":0,"tileZ":3,"overscaledZ":3,"sourceID":"org.maplibre.annotations"}}
{"name":"onTileAction","time":"2026-02-04T18:54:22.466Z","styleName":"Americana","styleURL":"https://americanamap.org/style.json","event":{"action":"StartParse","tileX":3,"tileY":0,"tileZ":3,"overscaledZ":3,"sourceID":"org.maplibre.annotations"}}
{"name":"onTileAction","time":"2026-02-04T18:54:22.466Z","styleName":"Americana","styleURL":"https://americanamap.org/style.json","event":{"action":"StartParse","tileX":0,"tileY":0,"tileZ":3,"overscaledZ":3,"sourceID":"org.maplibre.annotations"}}
{"name":"onTileAction","time":"2026-02-04T18:54:22.469Z","styleName":"Americana","styleURL":"https://americanamap.org/style.json","event":{"action":"Cancelled","tileX":1,"tileY":1,"tileZ":2,"overscaledZ":2,"sourceID":"openmaptiles"}}
{"name":"onTileAction","time":"2026-02-04T18:54:22.469Z","styleName":"Americana","styleURL":"https://americanamap.org/style.json","event":{"action":"Cancelled","tileX":6,"tileY":4,"tileZ":4,"overscaledZ":4,"sourceID":"openmaptiles"}}
{"name":"onTileAction","time":"2026-02-04T18:54:22.475Z","styleName":"Americana","styleURL":"https://americanamap.org/style.json","event":{"action":"Cancelled","tileX":6,"tileY":2,"tileZ":4,"overscaledZ":4,"sourceID":"openmaptiles"}}
{"name":"onTileAction","time":"2026-02-04T18:54:22.475Z","styleName":"Americana","styleURL":"https://americanamap.org/style.json","event":{"action":"Cancelled","tileX":4,"tileY":2,"tileZ":4,"overscaledZ":4,"sourceID":"openmaptiles"}}
{"name":"onTileAction","time":"2026-02-04T18:54:22.475Z","styleName":"Americana","styleURL":"https://americanamap.org/style.json","event":{"action":"Cancelled","tileX":3,"tileY":2,"tileZ":4,"overscaledZ":4,"sourceID":"openmaptiles"}}
{"name":"onTileAction","time":"2026-02-04T18:54:22.475Z","styleName":"Americana","styleURL":"https://americanamap.org/style.json","event":{"action":"Cancelled","tileX":2,"tileY":2,"tileZ":4,"overscaledZ":4,"sourceID":"openmaptiles"}}
{"name":"onTileAction","time":"2026-02-04T18:54:22.479Z","styleName":"Americana","styleURL":"https://americanamap.org/style.json","event":{"action":"LoadFromCache","tileX":0,"tileY":1,"tileZ":3,"overscaledZ":3,"sourceID":"openmaptiles"}}
{"name":"onTileAction","time":"2026-02-04T18:54:22.479Z","styleName":"Americana","styleURL":"https://americanamap.org/style.json","event":{"action":"RequestedFromNetwork","tileX":0,"tileY":1,"tileZ":3,"overscaledZ":3,"sourceID":"openmaptiles"}}
{"name":"onTileAction","time":"2026-02-04T18:54:22.479Z","styleName":"Americana","styleURL":"https://americanamap.org/style.json","event":{"action":"RequestedFromNetwork","tileX":2,"tileY":0,"tileZ":3,"overscaledZ":3,"sourceID":"openmaptiles"}}
{"name":"onTileAction","time":"2026-02-04T18:54:22.479Z","styleName":"Americana","styleURL":"https://americanamap.org/style.json","event":{"action":"RequestedFromNetwork","tileX":1,"tileY":0,"tileZ":3,"overscaledZ":3,"sourceID":"openmaptiles"}}
{"name":"onTileAction","time":"2026-02-04T18:54:22.479Z","styleName":"Americana","styleURL":"https://americanamap.org/style.json","event":{"action":"RequestedFromNetwork","tileX":3,"tileY":0,"tileZ":3,"overscaledZ":3,"sourceID":"openmaptiles"}}
{"name":"onTileAction","time":"2026-02-04T18:54:22.479Z","styleName":"Americana","styleURL":"https://americanamap.org/style.json","event":{"action":"RequestedFromNetwork","tileX":0,"tileY":0,"tileZ":3,"overscaledZ":3,"sourceID":"openmaptiles"}}
{"name":"onTileAction","time":"2026-02-04T18:54:22.479Z","styleName":"Americana","styleURL":"https://americanamap.org/style.json","event":{"action":"EndParse","tileX":2,"tileY":2,"tileZ":3,"overscaledZ":3,"sourceID":"org.maplibre.annotations"}}
{"name":"onTileAction","time":"2026-02-04T18:54:22.479Z","styleName":"Americana","styleURL":"https://americanamap.org/style.json","event":{"action":"EndParse","tileX":2,"tileY":3,"tileZ":3,"overscaledZ":3,"sourceID":"org.maplibre.annotations"}}
{"name":"onTileAction","time":"2026-02-04T18:54:22.479Z","styleName":"Americana","styleURL":"https://americanamap.org/style.json","event":{"action":"EndParse","tileX":1,"tileY":2,"tileZ":3,"overscaledZ":3,"sourceID":"org.maplibre.annotations"}}
{"name":"onTileAction","time":"2026-02-04T18:54:22.479Z","styleName":"Americana","styleURL":"https://americanamap.org/style.json","event":{"action":"EndParse","tileX":1,"tileY":3,"tileZ":3,"overscaledZ":3,"sourceID":"org.maplibre.annotations"}}
{"name":"onTileAction","time":"2026-02-04T18:54:22.479Z","styleName":"Americana","styleURL":"https://americanamap.org/style.json","event":{"action":"EndParse","tileX":3,"tileY":2,"tileZ":3,"overscaledZ":3,"sourceID":"org.maplibre.annotations"}}
{"name":"onTileAction","time":"2026-02-04T18:54:22.479Z","styleName":"Americana","styleURL":"https://americanamap.org/style.json","event":{"action":"EndParse","tileX":2,"tileY":1,"tileZ":3,"overscaledZ":3,"sourceID":"org.maplibre.annotations"}}
{"name":"onTileAction","time":"2026-02-04T18:54:22.479Z","styleName":"Americana","styleURL":"https://americanamap.org/style.json","event":{"action":"EndParse","tileX":1,"tileY":1,"tileZ":3,"overscaledZ":3,"sourceID":"org.maplibre.annotations"}}
{"name":"onTileAction","time":"2026-02-04T18:54:22.479Z","styleName":"Americana","styleURL":"https://americanamap.org/style.json","event":{"action":"EndParse","tileX":3,"tileY":1,"tileZ":3,"overscaledZ":3,"sourceID":"org.maplibre.annotations"}}
{"name":"onTileAction","time":"2026-02-04T18:54:22.479Z","styleName":"Americana","styleURL":"https://americanamap.org/style.json","event":{"action":"EndParse","tileX":0,"tileY":1,"tileZ":3,"overscaledZ":3,"sourceID":"org.maplibre.annotations"}}
{"name":"onTileAction","time":"2026-02-04T18:54:22.479Z","styleName":"Americana","styleURL":"https://americanamap.org/style.json","event":{"action":"EndParse","tileX":2,"tileY":0,"tileZ":3,"overscaledZ":3,"sourceID":"org.maplibre.annotations"}}
{"name":"onTileAction","time":"2026-02-04T18:54:22.479Z","styleName":"Americana","styleURL":"https://americanamap.org/style.json","event":{"action":"EndParse","tileX":1,"tileY":0,"tileZ":3,"overscaledZ":3,"sourceID":"org.maplibre.annotations"}}
{"name":"onTileAction","time":"2026-02-04T18:54:22.479Z","styleName":"Americana","styleURL":"https://americanamap.org/style.json","event":{"action":"EndParse","tileX":3,"tileY":0,"tileZ":3,"overscaledZ":3,"sourceID":"org.maplibre.annotations"}}
{"name":"onTileAction","time":"2026-02-04T18:54:22.479Z","styleName":"Americana","styleURL":"https://americanamap.org/style.json","event":{"action":"EndParse","tileX":0,"tileY":0,"tileZ":3,"overscaledZ":3,"sourceID":"org.maplibre.annotations"}}
{"name":"onTileAction","time":"2026-02-04T18:54:22.483Z","styleName":"Americana","styleURL":"https://americanamap.org/style.json","event":{"action":"RequestedFromCache","tileX":0,"tileY":0,"tileZ":2,"overscaledZ":2,"sourceID":"openmaptiles"}}
{"name":"onTileAction","time":"2026-02-04T18:54:22.483Z","styleName":"Americana","styleURL":"https://americanamap.org/style.json","event":{"action":"StartParse","tileX":0,"tileY":0,"tileZ":2,"overscaledZ":2,"sourceID":"openmaptiles"}}
{"name":"onTileAction","time":"2026-02-04T18:54:22.500Z","styleName":"Americana","styleURL":"https://americanamap.org/style.json","event":{"action":"EndParse","tileX":3,"tileY":1,"tileZ":3,"overscaledZ":3,"sourceID":"openmaptiles"}}
{"name":"onTileAction","time":"2026-02-04T18:54:22.500Z","styleName":"Americana","styleURL":"https://americanamap.org/style.json","event":{"action":"EndParse","tileX":0,"tileY":0,"tileZ":1,"overscaledZ":1,"sourceID":"openmaptiles"}}
{"name":"onGlyphsRequested","time":"2026-02-04T18:54:22.500Z","styleName":"Americana","styleURL":"https://americanamap.org/style.json","event":{"fonts":["Americana-Bold-Italic"],"rangeStart":1024,"rangeEnd":1279}}
{"name":"onGlyphsLoaded","time":"2026-02-04T18:54:22.517Z","styleName":"Americana","styleURL":"https://americanamap.org/style.json","event":{"fonts":["Americana-Bold-Italic"],"rangeStart":1024,"rangeEnd":1279}}
{"name":"onTileAction","time":"2026-02-04T18:54:22.533Z","styleName":"Americana","styleURL":"https://americanamap.org/style.json","event":{"action":"EndParse","tileX":0,"tileY":1,"tileZ":3,"overscaledZ":3,"sourceID":"openmaptiles"}}
{"name":"onCameraWillChange","time":"2026-02-04T18:54:22.533Z","styleName":"Americana","styleURL":"https://americanamap.org/style.json","event":{"cameraMode":0}}
{"name":"onCameraDidChange","time":"2026-02-04T18:54:22.533Z","styleName":"Americana","styleURL":"https://americanamap.org/style.json","event":{"cameraMode":0}}
{"name":"onTileAction","time":"2026-02-04T18:54:22.535Z","styleName":"Americana","styleURL":"https://americanamap.org/style.json","event":{"action":"RequestedFromCache","tileX":3,"tileY":3,"tileZ":3,"overscaledZ":3,"sourceID":"openmaptiles"}}
{"name":"onTileAction","time":"2026-02-04T18:54:22.535Z","styleName":"Americana","styleURL":"https://americanamap.org/style.json","event":{"action":"StartParse","tileX":3,"tileY":3,"tileZ":3,"overscaledZ":3,"sourceID":"openmaptiles"}}
{"name":"onTileAction","time":"2026-02-04T18:54:22.536Z","styleName":"Americana","styleURL":"https://americanamap.org/style.json","event":{"action":"RequestedFromCache","tileX":4,"tileY":0,"tileZ":3,"overscaledZ":3,"sourceID":"openmaptiles"}}
{"name":"onTileAction","time":"2026-02-04T18:54:22.536Z","styleName":"Americana","styleURL":"https://americanamap.org/style.json","event":{"action":"StartParse","tileX":4,"tileY":0,"tileZ":3,"overscaledZ":3,"sourceID":"openmaptiles"}}
{"name":"onTileAction","time":"2026-02-04T18:54:22.537Z","styleName":"Americana","styleURL":"https://americanamap.org/style.json","event":{"action":"StartParse","tileX":3,"tileY":3,"tileZ":3,"overscaledZ":3,"sourceID":"org.maplibre.annotations"}}
{"name":"onTileAction","time":"2026-02-04T18:54:22.537Z","styleName":"Americana","styleURL":"https://americanamap.org/style.json","event":{"action":"StartParse","tileX":4,"tileY":0,"tileZ":3,"overscaledZ":3,"sourceID":"org.maplibre.annotations"}}
{"name":"onTileAction","time":"2026-02-04T18:54:22.551Z","styleName":"Americana","styleURL":"https://americanamap.org/style.json","event":{"action":"LoadFromCache","tileX":3,"tileY":3,"tileZ":3,"overscaledZ":3,"sourceID":"openmaptiles"}}
{"name":"onTileAction","time":"2026-02-04T18:54:22.551Z","styleName":"Americana","styleURL":"https://americanamap.org/style.json","event":{"action":"RequestedFromNetwork","tileX":3,"tileY":3,"tileZ":3,"overscaledZ":3,"sourceID":"openmaptiles"}}
{"name":"onTileAction","time":"2026-02-04T18:54:22.551Z","styleName":"Americana","styleURL":"https://americanamap.org/style.json","event":{"action":"RequestedFromNetwork","tileX":4,"tileY":0,"tileZ":3,"overscaledZ":3,"sourceID":"openmaptiles"}}
{"name":"onTileAction","time":"2026-02-04T18:54:22.551Z","styleName":"Americana","styleURL":"https://americanamap.org/style.json","event":{"action":"EndParse","tileX":3,"tileY":3,"tileZ":3,"overscaledZ":3,"sourceID":"org.maplibre.annotations"}}
{"name":"onTileAction","time":"2026-02-04T18:54:22.551Z","styleName":"Americana","styleURL":"https://americanamap.org/style.json","event":{"action":"EndParse","tileX":4,"tileY":0,"tileZ":3,"overscaledZ":3,"sourceID":"org.maplibre.annotations"}}
{"name":"onTileAction","time":"2026-02-04T18:54:22.553Z","styleName":"Americana","styleURL":"https://americanamap.org/style.json","event":{"action":"RequestedFromCache","tileX":1,"tileY":1,"tileZ":2,"overscaledZ":2,"sourceID":"openmaptiles"}}
{"name":"onTileAction","time":"2026-02-04T18:54:22.553Z","styleName":"Americana","styleURL":"https://americanamap.org/style.json","event":{"action":"StartParse","tileX":1,"tileY":1,"tileZ":2,"overscaledZ":2,"sourceID":"openmaptiles"}}
{"name":"onTileAction","time":"2026-02-04T18:54:22.553Z","styleName":"Americana","styleURL":"https://americanamap.org/style.json","event":{"action":"RequestedFromCache","tileX":2,"tileY":0,"tileZ":2,"overscaledZ":2,"sourceID":"openmaptiles"}}
{"name":"onTileAction","time":"2026-02-04T18:54:22.553Z","styleName":"Americana","styleURL":"https://americanamap.org/style.json","event":{"action":"StartParse","tileX":2,"tileY":0,"tileZ":2,"overscaledZ":2,"sourceID":"openmaptiles"}}
{"name":"onTileAction","time":"2026-02-04T18:54:22.567Z","styleName":"Americana","styleURL":"https://americanamap.org/style.json","event":{"action":"LoadFromCache","tileX":1,"tileY":1,"tileZ":2,"overscaledZ":2,"sourceID":"openmaptiles"}}
{"name":"onTileAction","time":"2026-02-04T18:54:22.569Z","styleName":"Americana","styleURL":"https://americanamap.org/style.json","event":{"action":"RequestedFromCache","tileX":1,"tileY":0,"tileZ":1,"overscaledZ":1,"sourceID":"openmaptiles"}}
{"name":"onTileAction","time":"2026-02-04T18:54:22.569Z","styleName":"Americana","styleURL":"https://americanamap.org/style.json","event":{"action":"StartParse","tileX":1,"tileY":0,"tileZ":1,"overscaledZ":1,"sourceID":"openmaptiles"}}
{"name":"onTileAction","time":"2026-02-04T18:54:22.583Z","styleName":"Americana","styleURL":"https://americanamap.org/style.json","event":{"action":"LoadFromCache","tileX":1,"tileY":0,"tileZ":1,"overscaledZ":1,"sourceID":"openmaptiles"}}
{"name":"onGlyphsRequested","time":"2026-02-04T18:54:22.584Z","styleName":"Americana","styleURL":"https://americanamap.org/style.json","event":{"fonts":["Americana-Regular"],"rangeStart":1536,"rangeEnd":1791}}
{"name":"onGlyphsLoaded","time":"2026-02-04T18:54:22.601Z","styleName":"Americana","styleURL":"https://americanamap.org/style.json","event":{"fonts":["Americana-Regular"],"rangeStart":1536,"rangeEnd":1791}}
{"name":"onTileAction","time":"2026-02-04T18:54:22.617Z","styleName":"Americana","styleURL":"https://americanamap.org/style.json","event":{"action":"EndParse","tileX":1,"tileY":1,"tileZ":2,"overscaledZ":2,"sourceID":"openmaptiles"}}
{"name":"onTileAction","time":"2026-02-04T18:54:22.617Z","styleName":"Americana","styleURL":"https://americanamap.org/style.json","event":{"action":"EndParse","tileX":3,"tileY":3,"tileZ":3,"overscaledZ":3,"sourceID":"openmaptiles"}}
{"name":"onGlyphsRequested","time":"2026-02-04T18:54:22.617Z","styleName":"Americana","styleURL":"https://americanamap.org/style.json","event":{"fonts":["Americana-Bold-Italic"],"rangeStart":54528,"rangeEnd":54783}}
{"name":"onGlyphsRequested","time":"2026-02-04T18:54:22.617Z","styleName":"Americana","styleURL":"https://americanamap.org/style.json","event":{"fonts":["Americana-Bold-Italic"],"rangeStart":51200,"rangeEnd":51455}}
{"name":"onGlyphsRequested","time":"2026-02-04T18:54:22.617Z","styleName":"Americana","styleURL":"https://americanamap.org/style.json","event":{"fonts":["Americana-Bold-Italic"],"rangeStart":45824,"rangeEnd":46079}}
{"name":"onGlyphsRequested","time":"2026-02-04T18:54:22.617Z","styleName":"Americana","styleURL":"https://americanamap.org/style.json","event":{"fonts":["Americana-Bold-Italic"],"rangeStart":25856,"rangeEnd":26111}}
{"name":"onGlyphsRequested","time":"2026-02-04T18:54:22.617Z","styleName":"Americana","styleURL":"https://americanamap.org/style.json","event":{"fonts":["Americana-Bold-Italic"],"rangeStart":21248,"rangeEnd":21503}}
{"name":"onGlyphsRequested","time":"2026-02-04T18:54:22.617Z","styleName":"Americana","styleURL":"https://americanamap.org/style.json","event":{"fonts":["Americana-Bold-Italic"],"rangeStart":27904,"rangeEnd":28159}}
{"name":"onGlyphsRequested","time":"2026-02-04T18:54:22.617Z","styleName":"Americana","styleURL":"https://americanamap.org/style.json","event":{"fonts":["Americana-Bold-Italic"],"rangeStart":7680,"rangeEnd":7935}}
{"name":"onGlyphsRequested","time":"2026-02-04T18:54:22.617Z","styleName":"Americana","styleURL":"https://americanamap.org/style.json","event":{"fonts":["Americana-Bold-Italic"],"rangeStart":49408,"rangeEnd":49663}}
{"name":"onGlyphsRequested","time":"2026-02-04T18:54:22.617Z","styleName":"Americana","styleURL":"https://americanamap.org/style.json","event":{"fonts":["Americana-Bold-Italic"],"rangeStart":26368,"rangeEnd":26623}}
{"name":"onGlyphsRequested","time":"2026-02-04T18:54:22.617Z","styleName":"Americana","styleURL":"https://americanamap.org/style.json","event":{"fonts":["Americana-Bold-Italic"],"rangeStart":256,"rangeEnd":511}}
{"name":"onGlyphsRequested","time":"2026-02-04T18:54:22.617Z","styleName":"Americana","styleURL":"https://americanamap.org/style.json","event":{"fonts":["Americana-Regular"],"rangeStart":51200,"rangeEnd":51455}}
{"name":"onGlyphsRequested","time":"2026-02-04T18:54:22.617Z","styleName":"Americana","styleURL":"https://americanamap.org/style.json","event":{"fonts":["Americana-Regular"],"rangeStart":49408,"rangeEnd":49663}}
{"name":"onGlyphsRequested","time":"2026-02-04T18:54:22.617Z","styleName":"Americana","styleURL":"https://americanamap.org/style.json","event":{"fonts":["Americana-Regular"],"rangeStart":2816,"rangeEnd":3071}}
{"name":"onGlyphsRequested","time":"2026-02-04T18:54:22.617Z","styleName":"Americana","styleURL":"https://americanamap.org/style.json","event":{"fonts":["Americana-Regular"],"rangeStart":33024,"rangeEnd":33279}}
{"name":"onGlyphsRequested","time":"2026-02-04T18:54:22.617Z","styleName":"Americana","styleURL":"https://americanamap.org/style.json","event":{"fonts":["Americana-Regular"],"rangeStart":8192,"rangeEnd":8447}}
{"name":"onGlyphsRequested","time":"2026-02-04T18:54:22.617Z","styleName":"Americana","styleURL":"https://americanamap.org/style.json","event":{"fonts":["Americana-Regular"],"rangeStart":5888,"rangeEnd":6143}}
{"name":"onGlyphsRequested","time":"2026-02-04T18:54:22.617Z","styleName":"Americana","styleURL":"https://americanamap.org/style.json","event":{"fonts":["Americana-Regular"],"rangeStart":44032,"rangeEnd":44287}}
{"name":"onGlyphsRequested","time":"2026-02-04T18:54:22.617Z","styleName":"Americana","styleURL":"https://americanamap.org/style.json","event":{"fonts":["Americana-Regular"],"rangeStart":54784,"rangeEnd":55039}}
{"name":"onGlyphsRequested","time":"2026-02-04T18:54:22.617Z","styleName":"Americana","styleURL":"https://americanamap.org/style.json","event":{"fonts":["Americana-Regular"],"rangeStart":4096,"rangeEnd":4351}}
{"name":"onGlyphsRequested","time":"2026-02-04T18:54:22.617Z","styleName":"Americana","styleURL":"https://americanamap.org/style.json","event":{"fonts":["Americana-Regular"],"rangeStart":3584,"rangeEnd":3839}}
{"name":"onGlyphsRequested","time":"2026-02-04T18:54:22.617Z","styleName":"Americana","styleURL":"https://americanamap.org/style.json","event":{"fonts":["Americana-Regular"],"rangeStart":28672,"rangeEnd":28927}}
{"name":"onGlyphsRequested","time":"2026-02-04T18:54:22.617Z","styleName":"Americana","styleURL":"https://americanamap.org/style.json","event":{"fonts":["Americana-Regular"],"rangeStart":3328,"rangeEnd":3583}}
{"name":"onGlyphsRequested","time":"2026-02-04T18:54:22.617Z","styleName":"Americana","styleURL":"https://americanamap.org/style.json","event":{"fonts":["Americana-Regular"],"rangeStart":1280,"rangeEnd":1535}}
{"name":"onGlyphsRequested","time":"2026-02-04T18:54:22.617Z","styleName":"Americana","styleURL":"https://americanamap.org/style.json","event":{"fonts":["Americana-Regular"],"rangeStart":768,"rangeEnd":1023}}
{"name":"onGlyphsRequested","time":"2026-02-04T18:54:22.617Z","styleName":"Americana","styleURL":"https://americanamap.org/style.json","event":{"fonts":["Americana-Regular"],"rangeStart":50944,"rangeEnd":51199}}
{"name":"onGlyphsLoaded","time":"2026-02-04T18:54:22.635Z","styleName":"Americana","styleURL":"https://americanamap.org/style.json","event":{"fonts":["Americana-Bold-Italic"],"rangeStart":54528,"rangeEnd":54783}}
{"name":"onGlyphsLoaded","time":"2026-02-04T18:54:22.635Z","styleName":"Americana","styleURL":"https://americanamap.org/style.json","event":{"fonts":["Americana-Bold-Italic"],"rangeStart":51200,"rangeEnd":51455}}
{"name":"onGlyphsLoaded","time":"2026-02-04T18:54:22.635Z","styleName":"Americana","styleURL":"https://americanamap.org/style.json","event":{"fonts":["Americana-Bold-Italic"],"rangeStart":45824,"rangeEnd":46079}}
{"name":"onGlyphsLoaded","time":"2026-02-04T18:54:22.635Z","styleName":"Americana","styleURL":"https://americanamap.org/style.json","event":{"fonts":["Americana-Bold-Italic"],"rangeStart":25856,"rangeEnd":26111}}
{"name":"onGlyphsLoaded","time":"2026-02-04T18:54:22.635Z","styleName":"Americana","styleURL":"https://americanamap.org/style.json","event":{"fonts":["Americana-Bold-Italic"],"rangeStart":21248,"rangeEnd":21503}}
{"name":"onGlyphsLoaded","time":"2026-02-04T18:54:22.635Z","styleName":"Americana","styleURL":"https://americanamap.org/style.json","event":{"fonts":["Americana-Bold-Italic"],"rangeStart":27904,"rangeEnd":28159}}
{"name":"onGlyphsLoaded","time":"2026-02-04T18:54:22.635Z","styleName":"Americana","styleURL":"https://americanamap.org/style.json","event":{"fonts":["Americana-Bold-Italic"],"rangeStart":7680,"rangeEnd":7935}}
{"name":"onGlyphsLoaded","time":"2026-02-04T18:54:22.635Z","styleName":"Americana","styleURL":"https://americanamap.org/style.json","event":{"fonts":["Americana-Bold-Italic"],"rangeStart":49408,"rangeEnd":49663}}
{"name":"onGlyphsLoaded","time":"2026-02-04T18:54:22.635Z","styleName":"Americana","styleURL":"https://americanamap.org/style.json","event":{"fonts":["Americana-Bold-Italic"],"rangeStart":26368,"rangeEnd":26623}}
{"name":"onGlyphsLoaded","time":"2026-02-04T18:54:22.635Z","styleName":"Americana","styleURL":"https://americanamap.org/style.json","event":{"fonts":["Americana-Bold-Italic"],"rangeStart":256,"rangeEnd":511}}
{"name":"onGlyphsLoaded","time":"2026-02-04T18:54:22.635Z","styleName":"Americana","styleURL":"https://americanamap.org/style.json","event":{"fonts":["Americana-Regular"],"rangeStart":51200,"rangeEnd":51455}}
{"name":"onGlyphsLoaded","time":"2026-02-04T18:54:22.635Z","styleName":"Americana","styleURL":"https://americanamap.org/style.json","event":{"fonts":["Americana-Regular"],"rangeStart":49408,"rangeEnd":49663}}
{"name":"onGlyphsLoaded","time":"2026-02-04T18:54:22.636Z","styleName":"Americana","styleURL":"https://americanamap.org/style.json","event":{"fonts":["Americana-Regular"],"rangeStart":2816,"rangeEnd":3071}}
{"name":"onGlyphsLoaded","time":"2026-02-04T18:54:22.636Z","styleName":"Americana","styleURL":"https://americanamap.org/style.json","event":{"fonts":["Americana-Regular"],"rangeStart":33024,"rangeEnd":33279}}
{"name":"onGlyphsLoaded","time":"2026-02-04T18:54:22.636Z","styleName":"Americana","styleURL":"https://americanamap.org/style.json","event":{"fonts":["Americana-Regular"],"rangeStart":8192,"rangeEnd":8447}}
{"name":"onGlyphsLoaded","time":"2026-02-04T18:54:22.636Z","styleName":"Americana","styleURL":"https://americanamap.org/style.json","event":{"fonts":["Americana-Regular"],"rangeStart":5888,"rangeEnd":6143}}
{"name":"onGlyphsLoaded","time":"2026-02-04T18:54:22.636Z","styleName":"Americana","styleURL":"https://americanamap.org/style.json","event":{"fonts":["Americana-Regular"],"rangeStart":44032,"rangeEnd":44287}}
{"name":"onGlyphsLoaded","time":"2026-02-04T18:54:22.636Z","styleName":"Americana","styleURL":"https://americanamap.org/style.json","event":{"fonts":["Americana-Regular"],"rangeStart":54784,"rangeEnd":55039}}
{"name":"onGlyphsLoaded","time":"2026-02-04T18:54:22.636Z","styleName":"Americana","styleURL":"https://americanamap.org/style.json","event":{"fonts":["Americana-Regular"],"rangeStart":4096,"rangeEnd":4351}}
{"name":"onGlyphsLoaded","time":"2026-02-04T18:54:22.636Z","styleName":"Americana","styleURL":"https://americanamap.org/style.json","event":{"fonts":["Americana-Regular"],"rangeStart":3584,"rangeEnd":3839}}
{"name":"onGlyphsLoaded","time":"2026-02-04T18:54:22.636Z","styleName":"Americana","styleURL":"https://americanamap.org/style.json","event":{"fonts":["Americana-Regular"],"rangeStart":28672,"rangeEnd":28927}}
{"name":"onGlyphsLoaded","time":"2026-02-04T18:54:22.637Z","styleName":"Americana","styleURL":"https://americanamap.org/style.json","event":{"fonts":["Americana-Regular"],"rangeStart":3328,"rangeEnd":3583}}
{"name":"onGlyphsLoaded","time":"2026-02-04T18:54:22.637Z","styleName":"Americana","styleURL":"https://americanamap.org/style.json","event":{"fonts":["Americana-Regular"],"rangeStart":1280,"rangeEnd":1535}}
{"name":"onGlyphsLoaded","time":"2026-02-04T18:54:22.637Z","styleName":"Americana","styleURL":"https://americanamap.org/style.json","event":{"fonts":["Americana-Regular"],"rangeStart":768,"rangeEnd":1023}}
{"name":"onGlyphsLoaded","time":"2026-02-04T18:54:22.638Z","styleName":"Americana","styleURL":"https://americanamap.org/style.json","event":{"fonts":["Americana-Regular"],"rangeStart":50944,"rangeEnd":51199}}
{"name":"onTileAction","time":"2026-02-04T18:54:22.651Z","styleName":"Americana","styleURL":"https://americanamap.org/style.json","event":{"action":"EndParse","tileX":1,"tileY":0,"tileZ":1,"overscaledZ":1,"sourceID":"openmaptiles"}}
{"name":"onTileAction","time":"2026-02-04T18:54:22.851Z","styleName":"Americana","styleURL":"https://americanamap.org/style.json","event":{"action":"LoadFromNetwork","tileX":1,"tileY":0,"tileZ":3,"overscaledZ":3,"sourceID":"openmaptiles"}}
{"name":"onTileAction","time":"2026-02-04T18:54:22.868Z","styleName":"Americana","styleURL":"https://americanamap.org/style.json","event":{"action":"EndParse","tileX":1,"tileY":0,"tileZ":3,"overscaledZ":3,"sourceID":"openmaptiles"}}
{"name":"onTileAction","time":"2026-02-04T18:54:22.901Z","styleName":"Americana","styleURL":"https://americanamap.org/style.json","event":{"action":"LoadFromNetwork","tileX":3,"tileY":0,"tileZ":3,"overscaledZ":3,"sourceID":"openmaptiles"}}
{"name":"onTileAction","time":"2026-02-04T18:54:22.918Z","styleName":"Americana","styleURL":"https://americanamap.org/style.json","event":{"action":"LoadFromNetwork","tileX":0,"tileY":0,"tileZ":3,"overscaledZ":3,"sourceID":"openmaptiles"}}
{"name":"onTileAction","time":"2026-02-04T18:54:22.918Z","styleName":"Americana","styleURL":"https://americanamap.org/style.json","event":{"action":"EndParse","tileX":3,"tileY":0,"tileZ":3,"overscaledZ":3,"sourceID":"openmaptiles"}}
{"name":"onTileAction","time":"2026-02-04T18:54:22.934Z","styleName":"Americana","styleURL":"https://americanamap.org/style.json","event":{"action":"LoadFromNetwork","tileX":4,"tileY":0,"tileZ":3,"overscaledZ":3,"sourceID":"openmaptiles"}}
{"name":"onTileAction","time":"2026-02-04T18:54:22.934Z","styleName":"Americana","styleURL":"https://americanamap.org/style.json","event":{"action":"EndParse","tileX":0,"tileY":0,"tileZ":3,"overscaledZ":3,"sourceID":"openmaptiles"}}
{"name":"onCameraWillChange","time":"2026-02-04T18:54:22.935Z","styleName":"Americana","styleURL":"https://americanamap.org/style.json","event":{"cameraMode":0}}
{"name":"onCameraDidChange","time":"2026-02-04T18:54:22.935Z","styleName":"Americana","styleURL":"https://americanamap.org/style.json","event":{"cameraMode":0}}
{"name":"onTileAction","time":"2026-02-04T18:54:22.938Z","styleName":"Americana","styleURL":"https://americanamap.org/style.json","event":{"action":"Cancelled","tileX":0,"tileY":0,"tileZ":2,"overscaledZ":2,"sourceID":"openmaptiles"}}
{"name":"onTileAction","time":"2026-02-04T18:54:22.951Z","styleName":"Americana","styleURL":"https://americanamap.org/style.json","event":{"action":"EndParse","tileX":4,"tileY":0,"tileZ":3,"overscaledZ":3,"sourceID":"openmaptiles"}}
{"name":"onCameraWillChange","time":"2026-02-04T18:54:22.951Z","styleName":"Americana","styleURL":"https://americanamap.org/style.json","event":{"cameraMode":0}}
{"name":"onCameraDidChange","time":"2026-02-04T18:54:22.951Z","styleName":"Americana","styleURL":"https://americanamap.org/style.json","event":{"cameraMode":0}}
{"name":"onTileAction","time":"2026-02-04T18:54:22.954Z","styleName":"Americana","styleURL":"https://americanamap.org/style.json","event":{"action":"Cancelled","tileX":2,"tileY":0,"tileZ":2,"overscaledZ":2,"sourceID":"openmaptiles"}}
{"name":"onCameraWillChange","time":"2026-02-04T18:54:22.985Z","styleName":"Americana","styleURL":"https://americanamap.org/style.json","event":{"cameraMode":0}}
{"name":"onCameraDidChange","time":"2026-02-04T18:54:22.985Z","styleName":"Americana","styleURL":"https://americanamap.org/style.json","event":{"cameraMode":0}}
{"name":"onTileAction","time":"2026-02-04T18:54:22.987Z","styleName":"Americana","styleURL":"https://americanamap.org/style.json","event":{"action":"RequestedFromNetwork","tileX":1,"tileY":1,"tileZ":2,"overscaledZ":2,"sourceID":"openmaptiles"}}
{"name":"onTileAction","time":"2026-02-04T18:54:22.987Z","styleName":"Americana","styleURL":"https://americanamap.org/style.json","event":{"action":"RequestedFromCache","tileX":0,"tileY":1,"tileZ":2,"overscaledZ":2,"sourceID":"openmaptiles"}}
{"name":"onTileAction","time":"2026-02-04T18:54:22.987Z","styleName":"Americana","styleURL":"https://americanamap.org/style.json","event":{"action":"StartParse","tileX":0,"tileY":1,"tileZ":2,"overscaledZ":2,"sourceID":"openmaptiles"}}
{"name":"onTileAction","time":"2026-02-04T18:54:22.987Z","styleName":"Americana","styleURL":"https://americanamap.org/style.json","event":{"action":"RequestedFromNetwork","tileX":1,"tileY":0,"tileZ":2,"overscaledZ":2,"sourceID":"openmaptiles"}}
{"name":"onTileAction","time":"2026-02-04T18:54:22.988Z","styleName":"Americana","styleURL":"https://americanamap.org/style.json","event":{"action":"RequestedFromCache","tileX":0,"tileY":0,"tileZ":2,"overscaledZ":2,"sourceID":"openmaptiles"}}
{"name":"onTileAction","time":"2026-02-04T18:54:22.988Z","styleName":"Americana","styleURL":"https://americanamap.org/style.json","event":{"action":"StartParse","tileX":0,"tileY":0,"tileZ":2,"overscaledZ":2,"sourceID":"openmaptiles"}}
{"name":"onTileAction","time":"2026-02-04T18:54:22.988Z","styleName":"Americana","styleURL":"https://americanamap.org/style.json","event":{"action":"RequestedFromCache","tileX":2,"tileY":0,"tileZ":2,"overscaledZ":2,"sourceID":"openmaptiles"}}
{"name":"onTileAction","time":"2026-02-04T18:54:22.988Z","styleName":"Americana","styleURL":"https://americanamap.org/style.json","event":{"action":"StartParse","tileX":2,"tileY":0,"tileZ":2,"overscaledZ":2,"sourceID":"openmaptiles"}}
{"name":"onTileAction","time":"2026-02-04T18:54:22.989Z","styleName":"Americana","styleURL":"https://americanamap.org/style.json","event":{"action":"Cancelled","tileX":2,"tileY":0,"tileZ":3,"overscaledZ":3,"sourceID":"openmaptiles"}}
{"name":"onTileAction","time":"2026-02-04T18:54:22.989Z","styleName":"Americana","styleURL":"https://americanamap.org/style.json","event":{"action":"StartParse","tileX":1,"tileY":1,"tileZ":2,"overscaledZ":2,"sourceID":"org.maplibre.annotations"}}
{"name":"onTileAction","time":"2026-02-04T18:54:22.989Z","styleName":"Americana","styleURL":"https://americanamap.org/style.json","event":{"action":"StartParse","tileX":0,"tileY":1,"tileZ":2,"overscaledZ":2,"sourceID":"org.maplibre.annotations"}}
{"name":"onTileAction","time":"2026-02-04T18:54:22.989Z","styleName":"Americana","styleURL":"https://americanamap.org/style.json","event":{"action":"StartParse","tileX":1,"tileY":0,"tileZ":2,"overscaledZ":2,"sourceID":"org.maplibre.annotations"}}
{"name":"onTileAction","time":"2026-02-04T18:54:22.990Z","styleName":"Americana","styleURL":"https://americanamap.org/style.json","event":{"action":"StartParse","tileX":0,"tileY":0,"tileZ":2,"overscaledZ":2,"sourceID":"org.maplibre.annotations"}}
{"name":"onTileAction","time":"2026-02-04T18:54:22.990Z","styleName":"Americana","styleURL":"https://americanamap.org/style.json","event":{"action":"StartParse","tileX":2,"tileY":0,"tileZ":2,"overscaledZ":2,"sourceID":"org.maplibre.annotations"}}
{"name":"onTileAction","time":"2026-02-04T18:54:23.000Z","styleName":"Americana","styleURL":"https://americanamap.org/style.json","event":{"action":"RequestedFromNetwork","tileX":0,"tileY":1,"tileZ":2,"overscaledZ":2,"sourceID":"openmaptiles"}}
{"name":"onTileAction","time":"2026-02-04T18:54:23.000Z","styleName":"Americana","styleURL":"https://americanamap.org/style.json","event":{"action":"RequestedFromNetwork","tileX":0,"tileY":0,"tileZ":2,"overscaledZ":2,"sourceID":"openmaptiles"}}
{"name":"onTileAction","time":"2026-02-04T18:54:23.000Z","styleName":"Americana","styleURL":"https://americanamap.org/style.json","event":{"action":"RequestedFromNetwork","tileX":2,"tileY":0,"tileZ":2,"overscaledZ":2,"sourceID":"openmaptiles"}}
{"name":"onTileAction","time":"2026-02-04T18:54:23.000Z","styleName":"Americana","styleURL":"https://americanamap.org/style.json","event":{"action":"EndParse","tileX":1,"tileY":1,"tileZ":2,"overscaledZ":2,"sourceID":"org.maplibre.annotations"}}
{"name":"onTileAction","time":"2026-02-04T18:54:23.000Z","styleName":"Americana","styleURL":"https://americanamap.org/style.json","event":{"action":"EndParse","tileX":0,"tileY":1,"tileZ":2,"overscaledZ":2,"sourceID":"org.maplibre.annotations"}}
{"name":"onTileAction","time":"2026-02-04T18:54:23.000Z","styleName":"Americana","styleURL":"https://americanamap.org/style.json","event":{"action":"EndParse","tileX":1,"tileY":0,"tileZ":2,"overscaledZ":2,"sourceID":"org.maplibre.annotations"}}
{"name":"onTileAction","time":"2026-02-04T18:54:23.000Z","styleName":"Americana","styleURL":"https://americanamap.org/style.json","event":{"action":"EndParse","tileX":0,"tileY":0,"tileZ":2,"overscaledZ":2,"sourceID":"org.maplibre.annotations"}}
{"name":"onTileAction","time":"2026-02-04T18:54:23.000Z","styleName":"Americana","styleURL":"https://americanamap.org/style.json","event":{"action":"EndParse","tileX":2,"tileY":0,"tileZ":2,"overscaledZ":2,"sourceID":"org.maplibre.annotations"}}
{"name":"onCameraWillChange","time":"2026-02-04T18:54:23.000Z","styleName":"Americana","styleURL":"https://americanamap.org/style.json","event":{"cameraMode":0}}
{"name":"onCameraDidChange","time":"2026-02-04T18:54:23.000Z","styleName":"Americana","styleURL":"https://americanamap.org/style.json","event":{"cameraMode":0}}
{"name":"onTileAction","time":"2026-02-04T18:54:23.002Z","styleName":"Americana","styleURL":"https://americanamap.org/style.json","event":{"action":"RequestedFromCache","tileX":0,"tileY":0,"tileZ":0,"overscaledZ":0,"sourceID":"openmaptiles"}}
{"name":"onTileAction","time":"2026-02-04T18:54:23.002Z","styleName":"Americana","styleURL":"https://americanamap.org/style.json","event":{"action":"StartParse","tileX":0,"tileY":0,"tileZ":0,"overscaledZ":0,"sourceID":"openmaptiles"}}
{"name":"onTileAction","time":"2026-02-04T18:54:23.002Z","styleName":"Americana","styleURL":"https://americanamap.org/style.json","event":{"action":"RequestedFromCache","tileX":2,"tileY":1,"tileZ":2,"overscaledZ":2,"sourceID":"openmaptiles"}}
{"name":"onTileAction","time":"2026-02-04T18:54:23.002Z","styleName":"Americana","styleURL":"https://americanamap.org/style.json","event":{"action":"StartParse","tileX":2,"tileY":1,"tileZ":2,"overscaledZ":2,"sourceID":"openmaptiles"}}
{"name":"onTileAction","time":"2026-02-04T18:54:23.003Z","styleName":"Americana","styleURL":"https://americanamap.org/style.json","event":{"action":"RequestedFromCache","tileX":3,"tileY":0,"tileZ":2,"overscaledZ":2,"sourceID":"openmaptiles"}}
{"name":"onTileAction","time":"2026-02-04T18:54:23.003Z","styleName":"Americana","styleURL":"https://americanamap.org/style.json","event":{"action":"StartParse","tileX":3,"tileY":0,"tileZ":2,"overscaledZ":2,"sourceID":"openmaptiles"}}
{"name":"onTileAction","time":"2026-02-04T18:54:23.004Z","styleName":"Americana","styleURL":"https://americanamap.org/style.json","event":{"action":"StartParse","tileX":2,"tileY":1,"tileZ":2,"overscaledZ":2,"sourceID":"org.maplibre.annotations"}}
{"name":"onTileAction","time":"2026-02-04T18:54:23.004Z","styleName":"Americana","styleURL":"https://americanamap.org/style.json","event":{"action":"StartParse","tileX":3,"tileY":0,"tileZ":2,"overscaledZ":2,"sourceID":"org.maplibre.annotations"}}
{"name":"onTileAction","time":"2026-02-04T18:54:23.016Z","styleName":"Americana","styleURL":"https://americanamap.org/style.json","event":{"action":"LoadFromCache","tileX":0,"tileY":0,"tileZ":0,"overscaledZ":0,"sourceID":"openmaptiles"}}
{"name":"onTileAction","time":"2026-02-04T18:54:23.016Z","styleName":"Americana","styleURL":"https://americanamap.org/style.json","event":{"action":"RequestedFromNetwork","tileX":0,"tileY":0,"tileZ":0,"overscaledZ":0,"sourceID":"openmaptiles"}}
{"name":"onTileAction","time":"2026-02-04T18:54:23.016Z","styleName":"Americana","styleURL":"https://americanamap.org/style.json","event":{"action":"EndParse","tileX":2,"tileY":1,"tileZ":2,"overscaledZ":2,"sourceID":"org.maplibre.annotations"}}
{"name":"onTileAction","time":"2026-02-04T18:54:23.016Z","styleName":"Americana","styleURL":"https://americanamap.org/style.json","event":{"action":"EndParse","tileX":3,"tileY":0,"tileZ":2,"overscaledZ":2,"sourceID":"org.maplibre.annotations"}}
{"name":"onTileAction","time":"2026-02-04T18:54:23.016Z","styleName":"Americana","styleURL":"https://americanamap.org/style.json","event":{"action":"LoadFromCache","tileX":2,"tileY":1,"tileZ":2,"overscaledZ":2,"sourceID":"openmaptiles"}}
{"name":"onTileAction","time":"2026-02-04T18:54:23.016Z","styleName":"Americana","styleURL":"https://americanamap.org/style.json","event":{"action":"RequestedFromNetwork","tileX":2,"tileY":1,"tileZ":2,"overscaledZ":2,"sourceID":"openmaptiles"}}
{"name":"onTileAction","time":"2026-02-04T18:54:23.016Z","styleName":"Americana","styleURL":"https://americanamap.org/style.json","event":{"action":"RequestedFromNetwork","tileX":3,"tileY":0,"tileZ":2,"overscaledZ":2,"sourceID":"openmaptiles"}}
{"name":"onTileAction","time":"2026-02-04T18:54:23.016Z","styleName":"Americana","styleURL":"https://americanamap.org/style.json","event":{"action":"LoadFromNetwork","tileX":1,"tileY":0,"tileZ":2,"overscaledZ":2,"sourceID":"openmaptiles"}}
{"name":"onCameraWillChange","time":"2026-02-04T18:54:23.016Z","styleName":"Americana","styleURL":"https://americanamap.org/style.json","event":{"cameraMode":0}}
{"name":"onCameraDidChange","time":"2026-02-04T18:54:23.016Z","styleName":"Americana","styleURL":"https://americanamap.org/style.json","event":{"cameraMode":0}}
{"name":"onTileAction","time":"2026-02-04T18:54:23.018Z","styleName":"Americana","styleURL":"https://americanamap.org/style.json","event":{"action":"RequestedFromNetwork","tileX":0,"tileY":0,"tileZ":1,"overscaledZ":1,"sourceID":"openmaptiles"}}
{"name":"onTileAction","time":"2026-02-04T18:54:23.018Z","styleName":"Americana","styleURL":"https://americanamap.org/style.json","event":{"action":"RequestedFromNetwork","tileX":1,"tileY":0,"tileZ":1,"overscaledZ":1,"sourceID":"openmaptiles"}}
{"name":"onTileAction","time":"2026-02-04T18:54:23.018Z","styleName":"Americana","styleURL":"https://americanamap.org/style.json","event":{"action":"RequestedFromCache","tileX":0,"tileY":1,"tileZ":1,"overscaledZ":1,"sourceID":"openmaptiles"}}
{"name":"onTileAction","time":"2026-02-04T18:54:23.018Z","styleName":"Americana","styleURL":"https://americanamap.org/style.json","event":{"action":"StartParse","tileX":0,"tileY":1,"tileZ":1,"overscaledZ":1,"sourceID":"openmaptiles"}}
{"name":"onTileAction","time":"2026-02-04T18:54:23.019Z","styleName":"Americana","styleURL":"https://americanamap.org/style.json","event":{"action":"RequestedFromCache","tileX":1,"tileY":0,"tileZ":1,"overscaledZ":1,"sourceID":"openmaptiles"}}
{"name":"onTileAction","time":"2026-02-04T18:54:23.019Z","styleName":"Americana","styleURL":"https://americanamap.org/style.json","event":{"action":"StartParse","tileX":1,"tileY":0,"tileZ":1,"overscaledZ":1,"sourceID":"openmaptiles"}}
{"name":"onTileAction","time":"2026-02-04T18:54:23.019Z","styleName":"Americana","styleURL":"https://americanamap.org/style.json","event":{"action":"RequestedFromCache","tileX":1,"tileY":1,"tileZ":1,"overscaledZ":1,"sourceID":"openmaptiles"}}
{"name":"onTileAction","time":"2026-02-04T18:54:23.019Z","styleName":"Americana","styleURL":"https://americanamap.org/style.json","event":{"action":"StartParse","tileX":1,"tileY":1,"tileZ":1,"overscaledZ":1,"sourceID":"openmaptiles"}}
{"name":"onTileAction","time":"2026-02-04T18:54:23.019Z","styleName":"Americana","styleURL":"https://americanamap.org/style.json","event":{"action":"Cancelled","tileX":2,"tileY":1,"tileZ":2,"overscaledZ":2,"sourceID":"openmaptiles"}}
{"name":"onTileAction","time":"2026-02-04T18:54:23.019Z","styleName":"Americana","styleURL":"https://americanamap.org/style.json","event":{"action":"StartParse","tileX":0,"tileY":0,"tileZ":1,"overscaledZ":1,"sourceID":"org.maplibre.annotations"}}
{"name":"onTileAction","time":"2026-02-04T18:54:23.019Z","styleName":"Americana","styleURL":"https://americanamap.org/style.json","event":{"action":"StartParse","tileX":1,"tileY":0,"tileZ":1,"overscaledZ":1,"sourceID":"org.maplibre.annotations"}}
{"name":"onTileAction","time":"2026-02-04T18:54:23.020Z","styleName":"Americana","styleURL":"https://americanamap.org/style.json","event":{"action":"StartParse","tileX":0,"tileY":1,"tileZ":1,"overscaledZ":1,"sourceID":"org.maplibre.annotations"}}
{"name":"onTileAction","time":"2026-02-04T18:54:23.020Z","styleName":"Americana","styleURL":"https://americanamap.org/style.json","event":{"action":"StartParse","tileX":1,"tileY":0,"tileZ":1,"overscaledZ":1,"sourceID":"org.maplibre.annotations"}}
{"name":"onTileAction","time":"2026-02-04T18:54:23.020Z","styleName":"Americana","styleURL":"https://americanamap.org/style.json","event":{"action":"StartParse","tileX":1,"tileY":1,"tileZ":1,"overscaledZ":1,"sourceID":"org.maplibre.annotations"}}
{"name":"onTileAction","time":"2026-02-04T18:54:23.023Z","styleName":"Americana","styleURL":"https://americanamap.org/style.json","event":{"action":"Cancelled","tileX":2,"tileY":0,"tileZ":2,"overscaledZ":2,"sourceID":"openmaptiles"}}
{"name":"onTileAction","time":"2026-02-04T18:54:23.023Z","styleName":"Americana","styleURL":"https://americanamap.org/style.json","event":{"action":"Cancelled","tileX":1,"tileY":0,"tileZ":2,"overscaledZ":2,"sourceID":"openmaptiles"}}
{"name":"onTileAction","time":"2026-02-04T18:54:23.023Z","styleName":"Americana","styleURL":"https://americanamap.org/style.json","event":{"action":"Cancelled","tileX":0,"tileY":1,"tileZ":2,"overscaledZ":2,"sourceID":"openmaptiles"}}
{"name":"onTileAction","time":"2026-02-04T18:54:23.023Z","styleName":"Americana","styleURL":"https://americanamap.org/style.json","event":{"action":"Cancelled","tileX":0,"tileY":0,"tileZ":2,"overscaledZ":2,"sourceID":"openmaptiles"}}
{"name":"onTileAction","time":"2026-02-04T18:54:23.023Z","styleName":"Americana","styleURL":"https://americanamap.org/style.json","event":{"action":"Cancelled","tileX":3,"tileY":0,"tileZ":2,"overscaledZ":2,"sourceID":"openmaptiles"}}
{"name":"onTileAction","time":"2026-02-04T18:54:23.032Z","styleName":"Americana","styleURL":"https://americanamap.org/style.json","event":{"action":"LoadFromCache","tileX":0,"tileY":1,"tileZ":1,"overscaledZ":1,"sourceID":"openmaptiles"}}
{"name":"onTileAction","time":"2026-02-04T18:54:23.032Z","styleName":"Americana","styleURL":"https://americanamap.org/style.json","event":{"action":"RequestedFromNetwork","tileX":0,"tileY":1,"tileZ":1,"overscaledZ":1,"sourceID":"openmaptiles"}}
{"name":"onTileAction","time":"2026-02-04T18:54:23.032Z","styleName":"Americana","styleURL":"https://americanamap.org/style.json","event":{"action":"LoadFromCache","tileX":1,"tileY":0,"tileZ":1,"overscaledZ":1,"sourceID":"openmaptiles"}}
{"name":"onTileAction","time":"2026-02-04T18:54:23.032Z","styleName":"Americana","styleURL":"https://americanamap.org/style.json","event":{"action":"RequestedFromNetwork","tileX":1,"tileY":0,"tileZ":1,"overscaledZ":1,"sourceID":"openmaptiles"}}
{"name":"onTileAction","time":"2026-02-04T18:54:23.032Z","styleName":"Americana","styleURL":"https://americanamap.org/style.json","event":{"action":"EndParse","tileX":0,"tileY":0,"tileZ":1,"overscaledZ":1,"sourceID":"org.maplibre.annotations"}}
{"name":"onTileAction","time":"2026-02-04T18:54:23.032Z","styleName":"Americana","styleURL":"https://americanamap.org/style.json","event":{"action":"LoadFromCache","tileX":1,"tileY":1,"tileZ":1,"overscaledZ":1,"sourceID":"openmaptiles"}}
{"name":"onTileAction","time":"2026-02-04T18:54:23.032Z","styleName":"Americana","styleURL":"https://americanamap.org/style.json","event":{"action":"RequestedFromNetwork","tileX":1,"tileY":1,"tileZ":1,"overscaledZ":1,"sourceID":"openmaptiles"}}
{"name":"onTileAction","time":"2026-02-04T18:54:23.032Z","styleName":"Americana","styleURL":"https://americanamap.org/style.json","event":{"action":"EndParse","tileX":1,"tileY":0,"tileZ":1,"overscaledZ":1,"sourceID":"org.maplibre.annotations"}}
{"name":"onTileAction","time":"2026-02-04T18:54:23.032Z","styleName":"Americana","styleURL":"https://americanamap.org/style.json","event":{"action":"EndParse","tileX":0,"tileY":1,"tileZ":1,"overscaledZ":1,"sourceID":"org.maplibre.annotations"}}
{"name":"onTileAction","time":"2026-02-04T18:54:23.032Z","styleName":"Americana","styleURL":"https://americanamap.org/style.json","event":{"action":"EndParse","tileX":1,"tileY":0,"tileZ":1,"overscaledZ":1,"sourceID":"org.maplibre.annotations"}}
{"name":"onTileAction","time":"2026-02-04T18:54:23.032Z","styleName":"Americana","styleURL":"https://americanamap.org/style.json","event":{"action":"EndParse","tileX":1,"tileY":1,"tileZ":1,"overscaledZ":1,"sourceID":"org.maplibre.annotations"}}
{"name":"onCameraWillChange","time":"2026-02-04T18:54:23.033Z","styleName":"Americana","styleURL":"https://americanamap.org/style.json","event":{"cameraMode":0}}
{"name":"onCameraDidChange","time":"2026-02-04T18:54:23.033Z","styleName":"Americana","styleURL":"https://americanamap.org/style.json","event":{"cameraMode":0}}
{"name":"onTileAction","time":"2026-02-04T18:54:23.065Z","styleName":"Americana","styleURL":"https://americanamap.org/style.json","event":{"action":"EndParse","tileX":0,"tileY":1,"tileZ":1,"overscaledZ":1,"sourceID":"openmaptiles"}}
{"name":"onTileAction","time":"2026-02-04T18:54:23.065Z","styleName":"Americana","styleURL":"https://americanamap.org/style.json","event":{"action":"EndParse","tileX":1,"tileY":1,"tileZ":1,"overscaledZ":1,"sourceID":"openmaptiles"}}
{"name":"onTileAction","time":"2026-02-04T18:54:23.082Z","styleName":"Americana","styleURL":"https://americanamap.org/style.json","event":{"action":"EndParse","tileX":0,"tileY":0,"tileZ":0,"overscaledZ":0,"sourceID":"openmaptiles"}}
{"name":"onTileAction","time":"2026-02-04T18:54:23.082Z","styleName":"Americana","styleURL":"https://americanamap.org/style.json","event":{"action":"EndParse","tileX":1,"tileY":0,"tileZ":1,"overscaledZ":1,"sourceID":"openmaptiles"}}
{"name":"onCameraWillChange","time":"2026-02-04T18:54:23.417Z","styleName":"Americana","styleURL":"https://americanamap.org/style.json","event":{"cameraMode":0}}
{"name":"onCameraDidChange","time":"2026-02-04T18:54:23.417Z","styleName":"Americana","styleURL":"https://americanamap.org/style.json","event":{"cameraMode":0}}
{"name":"onCameraWillChange","time":"2026-02-04T18:54:23.433Z","styleName":"Americana","styleURL":"https://americanamap.org/style.json","event":{"cameraMode":0}}
{"name":"onCameraDidChange","time":"2026-02-04T18:54:23.433Z","styleName":"Americana","styleURL":"https://americanamap.org/style.json","event":{"cameraMode":0}}
{"name":"onTileAction","time":"2026-02-04T18:54:23.436Z","styleName":"Americana","styleURL":"https://americanamap.org/style.json","event":{"action":"RequestedFromCache","tileX":0,"tileY":0,"tileZ":0,"overscaledZ":0,"sourceID":"openmaptiles"}}
{"name":"onTileAction","time":"2026-02-04T18:54:23.436Z","styleName":"Americana","styleURL":"https://americanamap.org/style.json","event":{"action":"StartParse","tileX":0,"tileY":0,"tileZ":0,"overscaledZ":0,"sourceID":"openmaptiles"}}
{"name":"onTileAction","time":"2026-02-04T18:54:23.436Z","styleName":"Americana","styleURL":"https://americanamap.org/style.json","event":{"action":"RequestedFromCache","tileX":1,"tileY":1,"tileZ":1,"overscaledZ":1,"sourceID":"openmaptiles"}}
{"name":"onTileAction","time":"2026-02-04T18:54:23.436Z","styleName":"Americana","styleURL":"https://americanamap.org/style.json","event":{"action":"StartParse","tileX":1,"tileY":1,"tileZ":1,"overscaledZ":1,"sourceID":"openmaptiles"}}
{"name":"onTileAction","time":"2026-02-04T18:54:23.437Z","styleName":"Americana","styleURL":"https://americanamap.org/style.json","event":{"action":"RequestedFromCache","tileX":0,"tileY":0,"tileZ":1,"overscaledZ":1,"sourceID":"openmaptiles"}}
{"name":"onTileAction","time":"2026-02-04T18:54:23.437Z","styleName":"Americana","styleURL":"https://americanamap.org/style.json","event":{"action":"StartParse","tileX":0,"tileY":0,"tileZ":1,"overscaledZ":1,"sourceID":"openmaptiles"}}
{"name":"onTileAction","time":"2026-02-04T18:54:23.438Z","styleName":"Americana","styleURL":"https://americanamap.org/style.json","event":{"action":"StartParse","tileX":1,"tileY":1,"tileZ":1,"overscaledZ":1,"sourceID":"org.maplibre.annotations"}}
{"name":"onTileAction","time":"2026-02-04T18:54:23.438Z","styleName":"Americana","styleURL":"https://americanamap.org/style.json","event":{"action":"StartParse","tileX":0,"tileY":0,"tileZ":1,"overscaledZ":1,"sourceID":"org.maplibre.annotations"}}
{"name":"onTileAction","time":"2026-02-04T18:54:23.450Z","styleName":"Americana","styleURL":"https://americanamap.org/style.json","event":{"action":"EndParse","tileX":1,"tileY":1,"tileZ":1,"overscaledZ":1,"sourceID":"org.maplibre.annotations"}}
{"name":"onTileAction","time":"2026-02-04T18:54:23.450Z","styleName":"Americana","styleURL":"https://americanamap.org/style.json","event":{"action":"LoadFromCache","tileX":0,"tileY":0,"tileZ":0,"overscaledZ":0,"sourceID":"openmaptiles"}}
{"name":"onTileAction","time":"2026-02-04T18:54:23.450Z","styleName":"Americana","styleURL":"https://americanamap.org/style.json","event":{"action":"RequestedFromNetwork","tileX":0,"tileY":0,"tileZ":0,"overscaledZ":0,"sourceID":"openmaptiles"}}
{"name":"onTileAction","time":"2026-02-04T18:54:23.450Z","styleName":"Americana","styleURL":"https://americanamap.org/style.json","event":{"action":"EndParse","tileX":0,"tileY":0,"tileZ":1,"overscaledZ":1,"sourceID":"org.maplibre.annotations"}}
{"name":"onTileAction","time":"2026-02-04T18:54:23.450Z","styleName":"Americana","styleURL":"https://americanamap.org/style.json","event":{"action":"LoadFromCache","tileX":1,"tileY":1,"tileZ":1,"overscaledZ":1,"sourceID":"openmaptiles"}}
{"name":"onTileAction","time":"2026-02-04T18:54:23.450Z","styleName":"Americana","styleURL":"https://americanamap.org/style.json","event":{"action":"RequestedFromNetwork","tileX":1,"tileY":1,"tileZ":1,"overscaledZ":1,"sourceID":"openmaptiles"}}
{"name":"onTileAction","time":"2026-02-04T18:54:23.451Z","styleName":"Americana","styleURL":"https://americanamap.org/style.json","event":{"action":"LoadFromCache","tileX":0,"tileY":0,"tileZ":1,"overscaledZ":1,"sourceID":"openmaptiles"}}
{"name":"onTileAction","time":"2026-02-04T18:54:23.451Z","styleName":"Americana","styleURL":"https://americanamap.org/style.json","event":{"action":"RequestedFromNetwork","tileX":0,"tileY":0,"tileZ":1,"overscaledZ":1,"sourceID":"openmaptiles"}}
{"name":"onCameraWillChange","time":"2026-02-04T18:54:23.451Z","styleName":"Americana","styleURL":"https://americanamap.org/style.json","event":{"cameraMode":0}}
{"name":"onCameraDidChange","time":"2026-02-04T18:54:23.451Z","styleName":"Americana","styleURL":"https://americanamap.org/style.json","event":{"cameraMode":0}}
{"name":"onTileAction","time":"2026-02-04T18:54:23.454Z","styleName":"Americana","styleURL":"https://americanamap.org/style.json","event":{"action":"Cancelled","tileX":0,"tileY":0,"tileZ":1,"overscaledZ":1,"sourceID":"openmaptiles"}}
{"name":"onTileAction","time":"2026-02-04T18:54:23.454Z","styleName":"Americana","styleURL":"https://americanamap.org/style.json","event":{"action":"StartParse","tileX":0,"tileY":0,"tileZ":0,"overscaledZ":0,"sourceID":"org.maplibre.annotations"}}
{"name":"onTileAction","time":"2026-02-04T18:54:23.454Z","styleName":"Americana","styleURL":"https://americanamap.org/style.json","event":{"action":"StartParse","tileX":0,"tileY":0,"tileZ":0,"overscaledZ":0,"sourceID":"org.maplibre.annotations"}}
{"name":"onTileAction","time":"2026-02-04T18:54:23.455Z","styleName":"Americana","styleURL":"https://americanamap.org/style.json","event":{"action":"StartParse","tileX":0,"tileY":0,"tileZ":0,"overscaledZ":0,"sourceID":"org.maplibre.annotations"}}
{"name":"onTileAction","time":"2026-02-04T18:54:23.460Z","styleName":"Americana","styleURL":"https://americanamap.org/style.json","event":{"action":"Cancelled","tileX":1,"tileY":1,"tileZ":1,"overscaledZ":1,"sourceID":"openmaptiles"}}
{"name":"onTileAction","time":"2026-02-04T18:54:23.465Z","styleName":"Americana","styleURL":"https://americanamap.org/style.json","event":{"action":"EndParse","tileX":0,"tileY":0,"tileZ":0,"overscaledZ":0,"sourceID":"org.maplibre.annotations"}}
{"name":"onTileAction","time":"2026-02-04T18:54:23.465Z","styleName":"Americana","styleURL":"https://americanamap.org/style.json","event":{"action":"EndParse","tileX":0,"tileY":0,"tileZ":0,"overscaledZ":0,"sourceID":"org.maplibre.annotations"}}
{"name":"onTileAction","time":"2026-02-04T18:54:23.465Z","styleName":"Americana","styleURL":"https://americanamap.org/style.json","event":{"action":"EndParse","tileX":0,"tileY":0,"tileZ":0,"overscaledZ":0,"sourceID":"org.maplibre.annotations"}}
{"name":"onCameraWillChange","time":"2026-02-04T18:54:23.466Z","styleName":"Americana","styleURL":"https://americanamap.org/style.json","event":{"cameraMode":0}}
{"name":"onCameraDidChange","time":"2026-02-04T18:54:23.466Z","styleName":"Americana","styleURL":"https://americanamap.org/style.json","event":{"cameraMode":0}}
{"name":"onCameraWillChange","time":"2026-02-04T18:54:23.482Z","styleName":"Americana","styleURL":"https://americanamap.org/style.json","event":{"cameraMode":0}}
{"name":"onCameraDidChange","time":"2026-02-04T18:54:23.482Z","styleName":"Americana","styleURL":"https://americanamap.org/style.json","event":{"cameraMode":0}}
{"name":"onTileAction","time":"2026-02-04T18:54:23.515Z","styleName":"Americana","styleURL":"https://americanamap.org/style.json","event":{"action":"EndParse","tileX":0,"tileY":0,"tileZ":0,"overscaledZ":0,"sourceID":"openmaptiles"}}
{"name":"onCameraWillChange","time":"2026-02-04T18:54:23.515Z","styleName":"Americana","styleURL":"https://americanamap.org/style.json","event":{"cameraMode":0}}
{"name":"onCameraDidChange","time":"2026-02-04T18:54:23.515Z","styleName":"Americana","styleURL":"https://americanamap.org/style.json","event":{"cameraMode":0}}
{"name":"onCameraWillChange","time":"2026-02-04T18:54:23.917Z","styleName":"Americana","styleURL":"https://americanamap.org/style.json","event":{"cameraMode":0}}
{"name":"onCameraDidChange","time":"2026-02-04T18:54:23.917Z","styleName":"Americana","styleURL":"https://americanamap.org/style.json","event":{"cameraMode":0}}
{"name":"onCameraWillChange","time":"2026-02-04T18:54:23.950Z","styleName":"Americana","styleURL":"https://americanamap.org/style.json","event":{"cameraMode":0}}
{"name":"onCameraDidChange","time":"2026-02-04T18:54:23.950Z","styleName":"Americana","styleURL":"https://americanamap.org/style.json","event":{"cameraMode":0}}
{"name":"onCameraWillChange","time":"2026-02-04T18:54:23.967Z","styleName":"Americana","styleURL":"https://americanamap.org/style.json","event":{"cameraMode":0}}
{"name":"onCameraDidChange","time":"2026-02-04T18:54:23.967Z","styleName":"Americana","styleURL":"https://americanamap.org/style.json","event":{"cameraMode":0}}
{"name":"onTileAction","time":"2026-02-04T18:54:23.970Z","styleName":"Americana","styleURL":"https://americanamap.org/style.json","event":{"action":"RequestedFromNetwork","tileX":0,"tileY":1,"tileZ":1,"overscaledZ":1,"sourceID":"openmaptiles"}}
{"name":"onTileAction","time":"2026-02-04T18:54:23.970Z","styleName":"Americana","styleURL":"https://americanamap.org/style.json","event":{"action":"RequestedFromNetwork","tileX":0,"tileY":0,"tileZ":1,"overscaledZ":1,"sourceID":"openmaptiles"}}
{"name":"onTileAction","time":"2026-02-04T18:54:23.970Z","styleName":"Americana","styleURL":"https://americanamap.org/style.json","event":{"action":"RequestedFromNetwork","tileX":1,"tileY":1,"tileZ":1,"overscaledZ":1,"sourceID":"openmaptiles"}}
{"name":"onTileAction","time":"2026-02-04T18:54:23.970Z","styleName":"Americana","styleURL":"https://americanamap.org/style.json","event":{"action":"RequestedFromNetwork","tileX":1,"tileY":0,"tileZ":1,"overscaledZ":1,"sourceID":"openmaptiles"}}
{"name":"onTileAction","time":"2026-02-04T18:54:23.970Z","styleName":"Americana","styleURL":"https://americanamap.org/style.json","event":{"action":"RequestedFromCache","tileX":1,"tileY":1,"tileZ":1,"overscaledZ":1,"sourceID":"openmaptiles"}}
{"name":"onTileAction","time":"2026-02-04T18:54:23.970Z","styleName":"Americana","styleURL":"https://americanamap.org/style.json","event":{"action":"StartParse","tileX":1,"tileY":1,"tileZ":1,"overscaledZ":1,"sourceID":"openmaptiles"}}
{"name":"onTileAction","time":"2026-02-04T18:54:23.970Z","styleName":"Americana","styleURL":"https://americanamap.org/style.json","event":{"action":"RequestedFromNetwork","tileX":1,"tileY":0,"tileZ":1,"overscaledZ":1,"sourceID":"openmaptiles"}}
{"name":"onTileAction","time":"2026-02-04T18:54:23.970Z","styleName":"Americana","styleURL":"https://americanamap.org/style.json","event":{"action":"RequestedFromCache","tileX":0,"tileY":0,"tileZ":1,"overscaledZ":1,"sourceID":"openmaptiles"}}
{"name":"onTileAction","time":"2026-02-04T18:54:23.970Z","styleName":"Americana","styleURL":"https://americanamap.org/style.json","event":{"action":"StartParse","tileX":0,"tileY":0,"tileZ":1,"overscaledZ":1,"sourceID":"openmaptiles"}}
{"name":"onTileAction","time":"2026-02-04T18:54:23.984Z","styleName":"Americana","styleURL":"https://americanamap.org/style.json","event":{"action":"LoadFromCache","tileX":1,"tileY":1,"tileZ":1,"overscaledZ":1,"sourceID":"openmaptiles"}}
{"name":"onTileAction","time":"2026-02-04T18:54:23.984Z","styleName":"Americana","styleURL":"https://americanamap.org/style.json","event":{"action":"RequestedFromNetwork","tileX":1,"tileY":1,"tileZ":1,"overscaledZ":1,"sourceID":"openmaptiles"}}
{"name":"onTileAction","time":"2026-02-04T18:54:23.984Z","styleName":"Americana","styleURL":"https://americanamap.org/style.json","event":{"action":"LoadFromCache","tileX":0,"tileY":0,"tileZ":1,"overscaledZ":1,"sourceID":"openmaptiles"}}
{"name":"onTileAction","time":"2026-02-04T18:54:23.984Z","styleName":"Americana","styleURL":"https://americanamap.org/style.json","event":{"action":"RequestedFromNetwork","tileX":0,"tileY":0,"tileZ":1,"overscaledZ":1,"sourceID":"openmaptiles"}}
{"name":"onCameraWillChange","time":"2026-02-04T18:54:24.001Z","styleName":"Americana","styleURL":"https://americanamap.org/style.json","event":{"cameraMode":0}}
{"name":"onCameraDidChange","time":"2026-02-04T18:54:24.001Z","styleName":"Americana","styleURL":"https://americanamap.org/style.json","event":{"cameraMode":0}}
{"name":"onTileAction","time":"2026-02-04T18:54:24.004Z","styleName":"Americana","styleURL":"https://americanamap.org/style.json","event":{"action":"Cancelled","tileX":0,"tileY":0,"tileZ":1,"overscaledZ":1,"sourceID":"openmaptiles"}}
{"name":"onTileAction","time":"2026-02-04T18:54:24.032Z","styleName":"Americana","styleURL":"https://americanamap.org/style.json","event":{"action":"EndParse","tileX":1,"tileY":1,"tileZ":1,"overscaledZ":1,"sourceID":"openmaptiles"}}
{"name":"onCameraWillChange","time":"2026-02-04T18:54:24.317Z","styleName":"Americana","styleURL":"https://americanamap.org/style.json","event":{"cameraMode":0}}
{"name":"onCameraDidChange","time":"2026-02-04T18:54:24.317Z","styleName":"Americana","styleURL":"https://americanamap.org/style.json","event":{"cameraMode":0}}
{"name":"onCameraWillChange","time":"2026-02-04T18:54:24.334Z","styleName":"Americana","styleURL":"https://americanamap.org/style.json","event":{"cameraMode":0}}
{"name":"onCameraDidChange","time":"2026-02-04T18:54:24.334Z","styleName":"Americana","styleURL":"https://americanamap.org/style.json","event":{"cameraMode":0}}
{"name":"onCameraWillChange","time":"2026-02-04T18:54:24.350Z","styleName":"Americana","styleURL":"https://americanamap.org/style.json","event":{"cameraMode":0}}
{"name":"onCameraDidChange","time":"2026-02-04T18:54:24.350Z","styleName":"Americana","styleURL":"https://americanamap.org/style.json","event":{"cameraMode":0}}
{"name":"onTileAction","time":"2026-02-04T18:54:24.353Z","styleName":"Americana","styleURL":"https://americanamap.org/style.json","event":{"action":"RequestedFromCache","tileX":1,"tileY":2,"tileZ":2,"overscaledZ":2,"sourceID":"openmaptiles"}}
{"name":"onTileAction","time":"2026-02-04T18:54:24.353Z","styleName":"Americana","styleURL":"https://americanamap.org/style.json","event":{"action":"StartParse","tileX":1,"tileY":2,"tileZ":2,"overscaledZ":2,"sourceID":"openmaptiles"}}
{"name":"onTileAction","time":"2026-02-04T18:54:24.353Z","styleName":"Americana","styleURL":"https://americanamap.org/style.json","event":{"action":"RequestedFromNetwork","tileX":1,"tileY":1,"tileZ":2,"overscaledZ":2,"sourceID":"openmaptiles"}}
{"name":"onTileAction","time":"2026-02-04T18:54:24.353Z","styleName":"Americana","styleURL":"https://americanamap.org/style.json","event":{"action":"RequestedFromCache","tileX":0,"tileY":2,"tileZ":2,"overscaledZ":2,"sourceID":"openmaptiles"}}
{"name":"onTileAction","time":"2026-02-04T18:54:24.353Z","styleName":"Americana","styleURL":"https://americanamap.org/style.json","event":{"action":"StartParse","tileX":0,"tileY":2,"tileZ":2,"overscaledZ":2,"sourceID":"openmaptiles"}}
{"name":"onTileAction","time":"2026-02-04T18:54:24.353Z","styleName":"Americana","styleURL":"https://americanamap.org/style.json","event":{"action":"RequestedFromCache","tileX":2,"tileY":2,"tileZ":2,"overscaledZ":2,"sourceID":"openmaptiles"}}
{"name":"onTileAction","time":"2026-02-04T18:54:24.353Z","styleName":"Americana","styleURL":"https://americanamap.org/style.json","event":{"action":"StartParse","tileX":2,"tileY":2,"tileZ":2,"overscaledZ":2,"sourceID":"openmaptiles"}}
{"name":"onTileAction","time":"2026-02-04T18:54:24.353Z","styleName":"Americana","styleURL":"https://americanamap.org/style.json","event":{"action":"RequestedFromCache","tileX":0,"tileY":1,"tileZ":2,"overscaledZ":2,"sourceID":"openmaptiles"}}
{"name":"onTileAction","time":"2026-02-04T18:54:24.353Z","styleName":"Americana","styleURL":"https://americanamap.org/style.json","event":{"action":"StartParse","tileX":0,"tileY":1,"tileZ":2,"overscaledZ":2,"sourceID":"openmaptiles"}}
{"name":"onTileAction","time":"2026-02-04T18:54:24.353Z","styleName":"Americana","styleURL":"https://americanamap.org/style.json","event":{"action":"RequestedFromCache","tileX":2,"tileY":1,"tileZ":2,"overscaledZ":2,"sourceID":"openmaptiles"}}
{"name":"onTileAction","time":"2026-02-04T18:54:24.353Z","styleName":"Americana","styleURL":"https://americanamap.org/style.json","event":{"action":"StartParse","tileX":2,"tileY":1,"tileZ":2,"overscaledZ":2,"sourceID":"openmaptiles"}}
{"name":"onTileAction","time":"2026-02-04T18:54:24.354Z","styleName":"Americana","styleURL":"https://americanamap.org/style.json","event":{"action":"RequestedFromCache","tileX":1,"tileY":3,"tileZ":2,"overscaledZ":2,"sourceID":"openmaptiles"}}
{"name":"onTileAction","time":"2026-02-04T18:54:24.354Z","styleName":"Americana","styleURL":"https://americanamap.org/style.json","event":{"action":"StartParse","tileX":1,"tileY":3,"tileZ":2,"overscaledZ":2,"sourceID":"openmaptiles"}}
{"name":"onTileAction","time":"2026-02-04T18:54:24.354Z","styleName":"Americana","styleURL":"https://americanamap.org/style.json","event":{"action":"RequestedFromCache","tileX":0,"tileY":3,"tileZ":2,"overscaledZ":2,"sourceID":"openmaptiles"}}
{"name":"onTileAction","time":"2026-02-04T18:54:24.354Z","styleName":"Americana","styleURL":"https://americanamap.org/style.json","event":{"action":"StartParse","tileX":0,"tileY":3,"tileZ":2,"overscaledZ":2,"sourceID":"openmaptiles"}}
{"name":"onTileAction","time":"2026-02-04T18:54:24.354Z","styleName":"Americana","styleURL":"https://americanamap.org/style.json","event":{"action":"RequestedFromCache","tileX":1,"tileY":0,"tileZ":2,"overscaledZ":2,"sourceID":"openmaptiles"}}
{"name":"onTileAction","time":"2026-02-04T18:54:24.354Z","styleName":"Americana","styleURL":"https://americanamap.org/style.json","event":{"action":"StartParse","tileX":1,"tileY":0,"tileZ":2,"overscaledZ":2,"sourceID":"openmaptiles"}}
{"name":"onTileAction","time":"2026-02-04T18:54:24.354Z","styleName":"Americana","styleURL":"https://americanamap.org/style.json","event":{"action":"RequestedFromCache","tileX":2,"tileY":3,"tileZ":2,"overscaledZ":2,"sourceID":"openmaptiles"}}
{"name":"onTileAction","time":"2026-02-04T18:54:24.354Z","styleName":"Americana","styleURL":"https://americanamap.org/style.json","event":{"action":"StartParse","tileX":2,"tileY":3,"tileZ":2,"overscaledZ":2,"sourceID":"openmaptiles"}}
{"name":"onTileAction","time":"2026-02-04T18:54:24.354Z","styleName":"Americana","styleURL":"https://americanamap.org/style.json","event":{"action":"RequestedFromCache","tileX":0,"tileY":0,"tileZ":2,"overscaledZ":2,"sourceID":"openmaptiles"}}
{"name":"onTileAction","time":"2026-02-04T18:54:24.354Z","styleName":"Americana","styleURL":"https://americanamap.org/style.json","event":{"action":"StartParse","tileX":0,"tileY":0,"tileZ":2,"overscaledZ":2,"sourceID":"openmaptiles"}}
{"name":"onTileAction","time":"2026-02-04T18:54:24.354Z","styleName":"Americana","styleURL":"https://americanamap.org/style.json","event":{"action":"RequestedFromCache","tileX":2,"tileY":0,"tileZ":2,"overscaledZ":2,"sourceID":"openmaptiles"}}
{"name":"onTileAction","time":"2026-02-04T18:54:24.354Z","styleName":"Americana","styleURL":"https://americanamap.org/style.json","event":{"action":"StartParse","tileX":2,"tileY":0,"tileZ":2,"overscaledZ":2,"sourceID":"openmaptiles"}}
{"name":"onTileAction","time":"2026-02-04T18:54:24.355Z","styleName":"Americana","styleURL":"https://americanamap.org/style.json","event":{"action":"RequestedFromCache","tileX":3,"tileY":0,"tileZ":2,"overscaledZ":2,"sourceID":"openmaptiles"}}
{"name":"onTileAction","time":"2026-02-04T18:54:24.355Z","styleName":"Americana","styleURL":"https://americanamap.org/style.json","event":{"action":"StartParse","tileX":3,"tileY":0,"tileZ":2,"overscaledZ":2,"sourceID":"openmaptiles"}}
{"name":"onTileAction","time":"2026-02-04T18:54:24.355Z","styleName":"Americana","styleURL":"https://americanamap.org/style.json","event":{"action":"RequestedFromCache","tileX":3,"tileY":0,"tileZ":2,"overscaledZ":2,"sourceID":"openmaptiles"}}
{"name":"onTileAction","time":"2026-02-04T18:54:24.355Z","styleName":"Americana","styleURL":"https://americanamap.org/style.json","event":{"action":"StartParse","tileX":3,"tileY":0,"tileZ":2,"overscaledZ":2,"sourceID":"openmaptiles"}}
{"name":"onTileAction","time":"2026-02-04T18:54:24.356Z","styleName":"Americana","styleURL":"https://americanamap.org/style.json","event":{"action":"StartParse","tileX":1,"tileY":2,"tileZ":2,"overscaledZ":2,"sourceID":"org.maplibre.annotations"}}
{"name":"onTileAction","time":"2026-02-04T18:54:24.356Z","styleName":"Americana","styleURL":"https://americanamap.org/style.json","event":{"action":"StartParse","tileX":1,"tileY":1,"tileZ":2,"overscaledZ":2,"sourceID":"org.maplibre.annotations"}}
{"name":"onTileAction","time":"2026-02-04T18:54:24.356Z","styleName":"Americana","styleURL":"https://americanamap.org/style.json","event":{"action":"StartParse","tileX":0,"tileY":2,"tileZ":2,"overscaledZ":2,"sourceID":"org.maplibre.annotations"}}
{"name":"onTileAction","time":"2026-02-04T18:54:24.356Z","styleName":"Americana","styleURL":"https://americanamap.org/style.json","event":{"action":"StartParse","tileX":2,"tileY":2,"tileZ":2,"overscaledZ":2,"sourceID":"org.maplibre.annotations"}}
{"name":"onTileAction","time":"2026-02-04T18:54:24.357Z","styleName":"Americana","styleURL":"https://americanamap.org/style.json","event":{"action":"StartParse","tileX":0,"tileY":1,"tileZ":2,"overscaledZ":2,"sourceID":"org.maplibre.annotations"}}
{"name":"onTileAction","time":"2026-02-04T18:54:24.357Z","styleName":"Americana","styleURL":"https://americanamap.org/style.json","event":{"action":"StartParse","tileX":2,"tileY":1,"tileZ":2,"overscaledZ":2,"sourceID":"org.maplibre.annotations"}}
{"name":"onTileAction","time":"2026-02-04T18:54:24.357Z","styleName":"Americana","styleURL":"https://americanamap.org/style.json","event":{"action":"StartParse","tileX":1,"tileY":3,"tileZ":2,"overscaledZ":2,"sourceID":"org.maplibre.annotations"}}
{"name":"onTileAction","time":"2026-02-04T18:54:24.357Z","styleName":"Americana","styleURL":"https://americanamap.org/style.json","event":{"action":"StartParse","tileX":0,"tileY":3,"tileZ":2,"overscaledZ":2,"sourceID":"org.maplibre.annotations"}}
{"name":"onTileAction","time":"2026-02-04T18:54:24.358Z","styleName":"Americana","styleURL":"https://americanamap.org/style.json","event":{"action":"StartParse","tileX":1,"tileY":0,"tileZ":2,"overscaledZ":2,"sourceID":"org.maplibre.annotations"}}
{"name":"onTileAction","time":"2026-02-04T18:54:24.358Z","styleName":"Americana","styleURL":"https://americanamap.org/style.json","event":{"action":"StartParse","tileX":2,"tileY":3,"tileZ":2,"overscaledZ":2,"sourceID":"org.maplibre.annotations"}}
{"name":"onTileAction","time":"2026-02-04T18:54:24.358Z","styleName":"Americana","styleURL":"https://americanamap.org/style.json","event":{"action":"StartParse","tileX":0,"tileY":0,"tileZ":2,"overscaledZ":2,"sourceID":"org.maplibre.annotations"}}
{"name":"onTileAction","time":"2026-02-04T18:54:24.358Z","styleName":"Americana","styleURL":"https://americanamap.org/style.json","event":{"action":"StartParse","tileX":2,"tileY":0,"tileZ":2,"overscaledZ":2,"sourceID":"org.maplibre.annotations"}}
{"name":"onTileAction","time":"2026-02-04T18:54:24.358Z","styleName":"Americana","styleURL":"https://americanamap.org/style.json","event":{"action":"StartParse","tileX":3,"tileY":0,"tileZ":2,"overscaledZ":2,"sourceID":"org.maplibre.annotations"}}
{"name":"onTileAction","time":"2026-02-04T18:54:24.359Z","styleName":"Americana","styleURL":"https://americanamap.org/style.json","event":{"action":"StartParse","tileX":3,"tileY":0,"tileZ":2,"overscaledZ":2,"sourceID":"org.maplibre.annotations"}}
{"name":"onTileAction","time":"2026-02-04T18:54:24.366Z","styleName":"Americana","styleURL":"https://americanamap.org/style.json","event":{"action":"LoadFromCache","tileX":1,"tileY":2,"tileZ":2,"overscaledZ":2,"sourceID":"openmaptiles"}}
{"name":"onTileAction","time":"2026-02-04T18:54:24.366Z","styleName":"Americana","styleURL":"https://americanamap.org/style.json","event":{"action":"RequestedFromNetwork","tileX":1,"tileY":2,"tileZ":2,"overscaledZ":2,"sourceID":"openmaptiles"}}
{"name":"onTileAction","time":"2026-02-04T18:54:24.366Z","styleName":"Americana","styleURL":"https://americanamap.org/style.json","event":{"action":"EndParse","tileX":1,"tileY":2,"tileZ":2,"overscaledZ":2,"sourceID":"org.maplibre.annotations"}}
{"name":"onTileAction","time":"2026-02-04T18:54:24.366Z","styleName":"Americana","styleURL":"https://americanamap.org/style.json","event":{"action":"EndParse","tileX":1,"tileY":1,"tileZ":2,"overscaledZ":2,"sourceID":"org.maplibre.annotations"}}
{"name":"onTileAction","time":"2026-02-04T18:54:24.366Z","styleName":"Americana","styleURL":"https://americanamap.org/style.json","event":{"action":"EndParse","tileX":0,"tileY":2,"tileZ":2,"overscaledZ":2,"sourceID":"org.maplibre.annotations"}}
{"name":"onTileAction","time":"2026-02-04T18:54:24.366Z","styleName":"Americana","styleURL":"https://americanamap.org/style.json","event":{"action":"LoadFromCache","tileX":0,"tileY":2,"tileZ":2,"overscaledZ":2,"sourceID":"openmaptiles"}}
{"name":"onTileAction","time":"2026-02-04T18:54:24.366Z","styleName":"Americana","styleURL":"https://americanamap.org/style.json","event":{"action":"RequestedFromNetwork","tileX":0,"tileY":2,"tileZ":2,"overscaledZ":2,"sourceID":"openmaptiles"}}
{"name":"onTileAction","time":"2026-02-04T18:54:24.367Z","styleName":"Americana","styleURL":"https://americanamap.org/style.json","event":{"action":"RequestedFromNetwork","tileX":2,"tileY":2,"tileZ":2,"overscaledZ":2,"sourceID":"openmaptiles"}}
{"name":"onTileAction","time":"2026-02-04T18:54:24.367Z","styleName":"Americana","styleURL":"https://americanamap.org/style.json","event":{"action":"RequestedFromNetwork","tileX":0,"tileY":1,"tileZ":2,"overscaledZ":2,"sourceID":"openmaptiles"}}
{"name":"onTileAction","time":"2026-02-04T18:54:24.367Z","styleName":"Americana","styleURL":"https://americanamap.org/style.json","event":{"action":"EndParse","tileX":2,"tileY":2,"tileZ":2,"overscaledZ":2,"sourceID":"org.maplibre.annotations"}}
{"name":"onTileAction","time":"2026-02-04T18:54:24.367Z","styleName":"Americana","styleURL":"https://americanamap.org/style.json","event":{"action":"EndParse","tileX":0,"tileY":1,"tileZ":2,"overscaledZ":2,"sourceID":"org.maplibre.annotations"}}
{"name":"onTileAction","time":"2026-02-04T18:54:24.367Z","styleName":"Americana","styleURL":"https://americanamap.org/style.json","event":{"action":"EndParse","tileX":2,"tileY":1,"tileZ":2,"overscaledZ":2,"sourceID":"org.maplibre.annotations"}}
{"name":"onTileAction","time":"2026-02-04T18:54:24.367Z","styleName":"Americana","styleURL":"https://americanamap.org/style.json","event":{"action":"EndParse","tileX":1,"tileY":3,"tileZ":2,"overscaledZ":2,"sourceID":"org.maplibre.annotations"}}
{"name":"onTileAction","time":"2026-02-04T18:54:24.367Z","styleName":"Americana","styleURL":"https://americanamap.org/style.json","event":{"action":"EndParse","tileX":0,"tileY":3,"tileZ":2,"overscaledZ":2,"sourceID":"org.maplibre.annotations"}}
{"name":"onTileAction","time":"2026-02-04T18:54:24.367Z","styleName":"Americana","styleURL":"https://americanamap.org/style.json","event":{"action":"EndParse","tileX":1,"tileY":0,"tileZ":2,"overscaledZ":2,"sourceID":"org.maplibre.annotations"}}
{"name":"onTileAction","time":"2026-02-04T18:54:24.367Z","styleName":"Americana","styleURL":"https://americanamap.org/style.json","event":{"action":"EndParse","tileX":2,"tileY":3,"tileZ":2,"overscaledZ":2,"sourceID":"org.maplibre.annotations"}}
{"name":"onTileAction","time":"2026-02-04T18:54:24.367Z","styleName":"Americana","styleURL":"https://americanamap.org/style.json","event":{"action":"EndParse","tileX":0,"tileY":0,"tileZ":2,"overscaledZ":2,"sourceID":"org.maplibre.annotations"}}
{"name":"onTileAction","time":"2026-02-04T18:54:24.367Z","styleName":"Americana","styleURL":"https://americanamap.org/style.json","event":{"action":"EndParse","tileX":2,"tileY":0,"tileZ":2,"overscaledZ":2,"sourceID":"org.maplibre.annotations"}}
{"name":"onTileAction","time":"2026-02-04T18:54:24.367Z","styleName":"Americana","styleURL":"https://americanamap.org/style.json","event":{"action":"EndParse","tileX":3,"tileY":0,"tileZ":2,"overscaledZ":2,"sourceID":"org.maplibre.annotations"}}
{"name":"onTileAction","time":"2026-02-04T18:54:24.367Z","styleName":"Americana","styleURL":"https://americanamap.org/style.json","event":{"action":"EndParse","tileX":3,"tileY":0,"tileZ":2,"overscaledZ":2,"sourceID":"org.maplibre.annotations"}}
{"name":"onTileAction","time":"2026-02-04T18:54:24.367Z","styleName":"Americana","styleURL":"https://americanamap.org/style.json","event":{"action":"LoadFromCache","tileX":2,"tileY":1,"tileZ":2,"overscaledZ":2,"sourceID":"openmaptiles"}}
{"name":"onTileAction","time":"2026-02-04T18:54:24.367Z","styleName":"Americana","styleURL":"https://americanamap.org/style.json","event":{"action":"RequestedFromNetwork","tileX":2,"tileY":1,"tileZ":2,"overscaledZ":2,"sourceID":"openmaptiles"}}
{"name":"onTileAction","time":"2026-02-04T18:54:24.367Z","styleName":"Americana","styleURL":"https://americanamap.org/style.json","event":{"action":"RequestedFromNetwork","tileX":1,"tileY":3,"tileZ":2,"overscaledZ":2,"sourceID":"openmaptiles"}}
{"name":"onTileAction","time":"2026-02-04T18:54:24.367Z","styleName":"Americana","styleURL":"https://americanamap.org/style.json","event":{"action":"RequestedFromNetwork","tileX":0,"tileY":3,"tileZ":2,"overscaledZ":2,"sourceID":"openmaptiles"}}
{"name":"onTileAction","time":"2026-02-04T18:54:24.367Z","styleName":"Americana","styleURL":"https://americanamap.org/style.json","event":{"action":"LoadFromCache","tileX":1,"tileY":0,"tileZ":2,"overscaledZ":2,"sourceID":"openmaptiles"}}
{"name":"onTileAction","time":"2026-02-04T18:54:24.367Z","styleName":"Americana","styleURL":"https://americanamap.org/style.json","event":{"action":"RequestedFromNetwork","tileX":1,"tileY":0,"tileZ":2,"overscaledZ":2,"sourceID":"openmaptiles"}}
{"name":"onTileAction","time":"2026-02-04T18:54:24.367Z","styleName":"Americana","styleURL":"https://americanamap.org/style.json","event":{"action":"RequestedFromNetwork","tileX":2,"tileY":3,"tileZ":2,"overscaledZ":2,"sourceID":"openmaptiles"}}
{"name":"onTileAction","time":"2026-02-04T18:54:24.367Z","styleName":"Americana","styleURL":"https://americanamap.org/style.json","event":{"action":"LoadFromCache","tileX":0,"tileY":0,"tileZ":2,"overscaledZ":2,"sourceID":"openmaptiles"}}
{"name":"onTileAction","time":"2026-02-04T18:54:24.367Z","styleName":"Americana","styleURL":"https://americanamap.org/style.json","event":{"action":"RequestedFromNetwork","tileX":0,"tileY":0,"tileZ":2,"overscaledZ":2,"sourceID":"openmaptiles"}}
{"name":"onTileAction","time":"2026-02-04T18:54:24.367Z","styleName":"Americana","styleURL":"https://americanamap.org/style.json","event":{"action":"RequestedFromNetwork","tileX":2,"tileY":0,"tileZ":2,"overscaledZ":2,"sourceID":"openmaptiles"}}
{"name":"onTileAction","time":"2026-02-04T18:54:24.367Z","styleName":"Americana","styleURL":"https://americanamap.org/style.json","event":{"action":"RequestedFromNetwork","tileX":3,"tileY":0,"tileZ":2,"overscaledZ":2,"sourceID":"openmaptiles"}}
{"name":"onTileAction","time":"2026-02-04T18:54:24.367Z","styleName":"Americana","styleURL":"https://americanamap.org/style.json","event":{"action":"RequestedFromNetwork","tileX":3,"tileY":0,"tileZ":2,"overscaledZ":2,"sourceID":"openmaptiles"}}
{"name":"onCameraWillChange","time":"2026-02-04T18:54:24.369Z","styleName":"Americana","styleURL":"https://americanamap.org/style.json","event":{"cameraMode":0}}
{"name":"onCameraDidChange","time":"2026-02-04T18:54:24.370Z","styleName":"Americana","styleURL":"https://americanamap.org/style.json","event":{"cameraMode":0}}
{"name":"onCameraWillChange","time":"2026-02-04T18:54:24.370Z","styleName":"Americana","styleURL":"https://americanamap.org/style.json","event":{"cameraMode":0}}
{"name":"onCameraDidChange","time":"2026-02-04T18:54:24.370Z","styleName":"Americana","styleURL":"https://americanamap.org/style.json","event":{"cameraMode":0}}
{"name":"onTileAction","time":"2026-02-04T18:54:24.372Z","styleName":"Americana","styleURL":"https://americanamap.org/style.json","event":{"action":"RequestedFromNetwork","tileX":2,"tileY":3,"tileZ":3,"overscaledZ":3,"sourceID":"openmaptiles"}}
{"name":"onTileAction","time":"2026-02-04T18:54:24.372Z","styleName":"Americana","styleURL":"https://americanamap.org/style.json","event":{"action":"RequestedFromNetwork","tileX":3,"tileY":3,"tileZ":3,"overscaledZ":3,"sourceID":"openmaptiles"}}
{"name":"onTileAction","time":"2026-02-04T18:54:24.372Z","styleName":"Americana","styleURL":"https://americanamap.org/style.json","event":{"action":"RequestedFromCache","tileX":2,"tileY":4,"tileZ":3,"overscaledZ":3,"sourceID":"openmaptiles"}}
{"name":"onTileAction","time":"2026-02-04T18:54:24.372Z","styleName":"Americana","styleURL":"https://americanamap.org/style.json","event":{"action":"StartParse","tileX":2,"tileY":4,"tileZ":3,"overscaledZ":3,"sourceID":"openmaptiles"}}
{"name":"onTileAction","time":"2026-02-04T18:54:24.372Z","styleName":"Americana","styleURL":"https://americanamap.org/style.json","event":{"action":"RequestedFromCache","tileX":3,"tileY":4,"tileZ":3,"overscaledZ":3,"sourceID":"openmaptiles"}}
{"name":"onTileAction","time":"2026-02-04T18:54:24.372Z","styleName":"Americana","styleURL":"https://americanamap.org/style.json","event":{"action":"StartParse","tileX":3,"tileY":4,"tileZ":3,"overscaledZ":3,"sourceID":"openmaptiles"}}
{"name":"onTileAction","time":"2026-02-04T18:54:24.372Z","styleName":"Americana","styleURL":"https://americanamap.org/style.json","event":{"action":"RequestedFromNetwork","tileX":2,"tileY":2,"tileZ":3,"overscaledZ":3,"sourceID":"openmaptiles"}}
{"name":"onTileAction","time":"2026-02-04T18:54:24.372Z","styleName":"Americana","styleURL":"https://americanamap.org/style.json","event":{"action":"RequestedFromNetwork","tileX":3,"tileY":2,"tileZ":3,"overscaledZ":3,"sourceID":"openmaptiles"}}
{"name":"onTileAction","time":"2026-02-04T18:54:24.372Z","styleName":"Americana","styleURL":"https://americanamap.org/style.json","event":{"action":"RequestedFromNetwork","tileX":1,"tileY":3,"tileZ":3,"overscaledZ":3,"sourceID":"openmaptiles"}}
{"name":"onTileAction","time":"2026-02-04T18:54:24.372Z","styleName":"Americana","styleURL":"https://americanamap.org/style.json","event":{"action":"RequestedFromCache","tileX":4,"tileY":3,"tileZ":3,"overscaledZ":3,"sourceID":"openmaptiles"}}
{"name":"onTileAction","time":"2026-02-04T18:54:24.372Z","styleName":"Americana","styleURL":"https://americanamap.org/style.json","event":{"action":"StartParse","tileX":4,"tileY":3,"tileZ":3,"overscaledZ":3,"sourceID":"openmaptiles"}}
{"name":"onTileAction","time":"2026-02-04T18:54:24.373Z","styleName":"Americana","styleURL":"https://americanamap.org/style.json","event":{"action":"RequestedFromNetwork","tileX":1,"tileY":2,"tileZ":3,"overscaledZ":3,"sourceID":"openmaptiles"}}
{"name":"onTileAction","time":"2026-02-04T18:54:24.373Z","styleName":"Americana","styleURL":"https://americanamap.org/style.json","event":{"action":"RequestedFromCache","tileX":4,"tileY":2,"tileZ":3,"overscaledZ":3,"sourceID":"openmaptiles"}}
{"name":"onTileAction","time":"2026-02-04T18:54:24.373Z","styleName":"Americana","styleURL":"https://americanamap.org/style.json","event":{"action":"StartParse","tileX":4,"tileY":2,"tileZ":3,"overscaledZ":3,"sourceID":"openmaptiles"}}
{"name":"onTileAction","time":"2026-02-04T18:54:24.373Z","styleName":"Americana","styleURL":"https://americanamap.org/style.json","event":{"action":"RequestedFromNetwork","tileX":2,"tileY":1,"tileZ":3,"overscaledZ":3,"sourceID":"openmaptiles"}}
{"name":"onTileAction","time":"2026-02-04T18:54:24.373Z","styleName":"Americana","styleURL":"https://americanamap.org/style.json","event":{"action":"RequestedFromNetwork","tileX":3,"tileY":1,"tileZ":3,"overscaledZ":3,"sourceID":"openmaptiles"}}
{"name":"onTileAction","time":"2026-02-04T18:54:24.373Z","styleName":"Americana","styleURL":"https://americanamap.org/style.json","event":{"action":"RequestedFromNetwork","tileX":1,"tileY":1,"tileZ":3,"overscaledZ":3,"sourceID":"openmaptiles"}}
{"name":"onTileAction","time":"2026-02-04T18:54:24.373Z","styleName":"Americana","styleURL":"https://americanamap.org/style.json","event":{"action":"RequestedFromCache","tileX":4,"tileY":1,"tileZ":3,"overscaledZ":3,"sourceID":"openmaptiles"}}
{"name":"onTileAction","time":"2026-02-04T18:54:24.373Z","styleName":"Americana","styleURL":"https://americanamap.org/style.json","event":{"action":"StartParse","tileX":4,"tileY":1,"tileZ":3,"overscaledZ":3,"sourceID":"openmaptiles"}}
{"name":"onTileAction","time":"2026-02-04T18:54:24.373Z","styleName":"Americana","styleURL":"https://americanamap.org/style.json","event":{"action":"RequestedFromCache","tileX":2,"tileY":0,"tileZ":3,"overscaledZ":3,"sourceID":"openmaptiles"}}
{"name":"onTileAction","time":"2026-02-04T18:54:24.373Z","styleName":"Americana","styleURL":"https://americanamap.org/style.json","event":{"action":"StartParse","tileX":2,"tileY":0,"tileZ":3,"overscaledZ":3,"sourceID":"openmaptiles"}}
{"name":"onTileAction","time":"2026-02-04T18:54:24.373Z","styleName":"Americana","styleURL":"https://americanamap.org/style.json","event":{"action":"RequestedFromNetwork","tileX":3,"tileY":0,"tileZ":3,"overscaledZ":3,"sourceID":"openmaptiles"}}
{"name":"onTileAction","time":"2026-02-04T18:54:24.373Z","styleName":"Americana","styleURL":"https://americanamap.org/style.json","event":{"action":"RequestedFromNetwork","tileX":1,"tileY":0,"tileZ":3,"overscaledZ":3,"sourceID":"openmaptiles"}}
{"name":"onTileAction","time":"2026-02-04T18:54:24.373Z","styleName":"Americana","styleURL":"https://americanamap.org/style.json","event":{"action":"RequestedFromNetwork","tileX":4,"tileY":0,"tileZ":3,"overscaledZ":3,"sourceID":"openmaptiles"}}
{"name":"onTileAction","time":"2026-02-04T18:54:24.373Z","styleName":"Americana","styleURL":"https://americanamap.org/style.json","event":{"action":"RequestedFromNetwork","tileX":0,"tileY":0,"tileZ":3,"overscaledZ":3,"sourceID":"openmaptiles"}}
{"name":"onTileAction","time":"2026-02-04T18:54:24.373Z","styleName":"Americana","styleURL":"https://americanamap.org/style.json","event":{"action":"RequestedFromCache","tileX":5,"tileY":0,"tileZ":3,"overscaledZ":3,"sourceID":"openmaptiles"}}
{"name":"onTileAction","time":"2026-02-04T18:54:24.373Z","styleName":"Americana","styleURL":"https://americanamap.org/style.json","event":{"action":"StartParse","tileX":5,"tileY":0,"tileZ":3,"overscaledZ":3,"sourceID":"openmaptiles"}}
{"name":"onTileAction","time":"2026-02-04T18:54:24.375Z","styleName":"Americana","styleURL":"https://americanamap.org/style.json","event":{"action":"StartParse","tileX":2,"tileY":3,"tileZ":3,"overscaledZ":3,"sourceID":"org.maplibre.annotations"}}
{"name":"onTileAction","time":"2026-02-04T18:54:24.375Z","styleName":"Americana","styleURL":"https://americanamap.org/style.json","event":{"action":"StartParse","tileX":3,"tileY":3,"tileZ":3,"overscaledZ":3,"sourceID":"org.maplibre.annotations"}}
{"name":"onTileAction","time":"2026-02-04T18:54:24.375Z","styleName":"Americana","styleURL":"https://americanamap.org/style.json","event":{"action":"StartParse","tileX":2,"tileY":4,"tileZ":3,"overscaledZ":3,"sourceID":"org.maplibre.annotations"}}
{"name":"onTileAction","time":"2026-02-04T18:54:24.375Z","styleName":"Americana","styleURL":"https://americanamap.org/style.json","event":{"action":"StartParse","tileX":3,"tileY":4,"tileZ":3,"overscaledZ":3,"sourceID":"org.maplibre.annotations"}}
{"name":"onTileAction","time":"2026-02-04T18:54:24.376Z","styleName":"Americana","styleURL":"https://americanamap.org/style.json","event":{"action":"StartParse","tileX":2,"tileY":2,"tileZ":3,"overscaledZ":3,"sourceID":"org.maplibre.annotations"}}
{"name":"onTileAction","time":"2026-02-04T18:54:24.376Z","styleName":"Americana","styleURL":"https://americanamap.org/style.json","event":{"action":"StartParse","tileX":3,"tileY":2,"tileZ":3,"overscaledZ":3,"sourceID":"org.maplibre.annotations"}}
{"name":"onTileAction","time":"2026-02-04T18:54:24.376Z","styleName":"Americana","styleURL":"https://americanamap.org/style.json","event":{"action":"StartParse","tileX":1,"tileY":3,"tileZ":3,"overscaledZ":3,"sourceID":"org.maplibre.annotations"}}
{"name":"onTileAction","time":"2026-02-04T18:54:24.376Z","styleName":"Americana","styleURL":"https://americanamap.org/style.json","event":{"action":"StartParse","tileX":4,"tileY":3,"tileZ":3,"overscaledZ":3,"sourceID":"org.maplibre.annotations"}}
{"name":"onTileAction","time":"2026-02-04T18:54:24.376Z","styleName":"Americana","styleURL":"https://americanamap.org/style.json","event":{"action":"StartParse","tileX":1,"tileY":2,"tileZ":3,"overscaledZ":3,"sourceID":"org.maplibre.annotations"}}
{"name":"onTileAction","time":"2026-02-04T18:54:24.377Z","styleName":"Americana","styleURL":"https://americanamap.org/style.json","event":{"action":"StartParse","tileX":4,"tileY":2,"tileZ":3,"overscaledZ":3,"sourceID":"org.maplibre.annotations"}}
{"name":"onTileAction","time":"2026-02-04T18:54:24.377Z","styleName":"Americana","styleURL":"https://americanamap.org/style.json","event":{"action":"StartParse","tileX":2,"tileY":1,"tileZ":3,"overscaledZ":3,"sourceID":"org.maplibre.annotations"}}
{"name":"onTileAction","time":"2026-02-04T18:54:24.377Z","styleName":"Americana","styleURL":"https://americanamap.org/style.json","event":{"action":"StartParse","tileX":3,"tileY":1,"tileZ":3,"overscaledZ":3,"sourceID":"org.maplibre.annotations"}}
{"name":"onTileAction","time":"2026-02-04T18:54:24.377Z","styleName":"Americana","styleURL":"https://americanamap.org/style.json","event":{"action":"StartParse","tileX":1,"tileY":1,"tileZ":3,"overscaledZ":3,"sourceID":"org.maplibre.annotations"}}
{"name":"onTileAction","time":"2026-02-04T18:54:24.377Z","styleName":"Americana","styleURL":"https://americanamap.org/style.json","event":{"action":"StartParse","tileX":4,"tileY":1,"tileZ":3,"overscaledZ":3,"sourceID":"org.maplibre.annotations"}}
{"name":"onTileAction","time":"2026-02-04T18:54:24.377Z","styleName":"Americana","styleURL":"https://americanamap.org/style.json","event":{"action":"StartParse","tileX":2,"tileY":0,"tileZ":3,"overscaledZ":3,"sourceID":"org.maplibre.annotations"}}
{"name":"onTileAction","time":"2026-02-04T18:54:24.378Z","styleName":"Americana","styleURL":"https://americanamap.org/style.json","event":{"action":"StartParse","tileX":3,"tileY":0,"tileZ":3,"overscaledZ":3,"sourceID":"org.maplibre.annotations"}}
{"name":"onTileAction","time":"2026-02-04T18:54:24.378Z","styleName":"Americana","styleURL":"https://americanamap.org/style.json","event":{"action":"StartParse","tileX":1,"tileY":0,"tileZ":3,"overscaledZ":3,"sourceID":"org.maplibre.annotations"}}
{"name":"onTileAction","time":"2026-02-04T18:54:24.378Z","styleName":"Americana","styleURL":"https://americanamap.org/style.json","event":{"action":"StartParse","tileX":4,"tileY":0,"tileZ":3,"overscaledZ":3,"sourceID":"org.maplibre.annotations"}}
{"name":"onTileAction","time":"2026-02-04T18:54:24.378Z","styleName":"Americana","styleURL":"https://americanamap.org/style.json","event":{"action":"StartParse","tileX":0,"tileY":0,"tileZ":3,"overscaledZ":3,"sourceID":"org.maplibre.annotations"}}
{"name":"onTileAction","time":"2026-02-04T18:54:24.378Z","styleName":"Americana","styleURL":"https://americanamap.org/style.json","event":{"action":"StartParse","tileX":5,"tileY":0,"tileZ":3,"overscaledZ":3,"sourceID":"org.maplibre.annotations"}}
{"name":"onTileAction","time":"2026-02-04T18:54:24.381Z","styleName":"Americana","styleURL":"https://americanamap.org/style.json","event":{"action":"Cancelled","tileX":3,"tileY":0,"tileZ":2,"overscaledZ":2,"sourceID":"openmaptiles"}}
{"name":"onTileAction","time":"2026-02-04T18:54:24.381Z","styleName":"Americana","styleURL":"https://americanamap.org/style.json","event":{"action":"Cancelled","tileX":2,"tileY":3,"tileZ":2,"overscaledZ":2,"sourceID":"openmaptiles"}}
{"name":"onTileAction","time":"2026-02-04T18:54:24.381Z","styleName":"Americana","styleURL":"https://americanamap.org/style.json","event":{"action":"Cancelled","tileX":2,"tileY":2,"tileZ":2,"overscaledZ":2,"sourceID":"openmaptiles"}}
{"name":"onTileAction","time":"2026-02-04T18:54:24.381Z","styleName":"Americana","styleURL":"https://americanamap.org/style.json","event":{"action":"Cancelled","tileX":1,"tileY":3,"tileZ":2,"overscaledZ":2,"sourceID":"openmaptiles"}}
{"name":"onTileAction","time":"2026-02-04T18:54:24.382Z","styleName":"Americana","styleURL":"https://americanamap.org/style.json","event":{"action":"Cancelled","tileX":0,"tileY":3,"tileZ":2,"overscaledZ":2,"sourceID":"openmaptiles"}}
{"name":"onTileAction","time":"2026-02-04T18:54:24.382Z","styleName":"Americana","styleURL":"https://americanamap.org/style.json","event":{"action":"Cancelled","tileX":0,"tileY":2,"tileZ":2,"overscaledZ":2,"sourceID":"openmaptiles"}}
{"name":"onTileAction","time":"2026-02-04T18:54:24.382Z","styleName":"Americana","styleURL":"https://americanamap.org/style.json","event":{"action":"Cancelled","tileX":0,"tileY":1,"tileZ":2,"overscaledZ":2,"sourceID":"openmaptiles"}}
{"name":"onTileAction","time":"2026-02-04T18:54:24.382Z","styleName":"Americana","styleURL":"https://americanamap.org/style.json","event":{"action":"Cancelled","tileX":0,"tileY":0,"tileZ":2,"overscaledZ":2,"sourceID":"openmaptiles"}}
{"name":"onTileAction","time":"2026-02-04T18:54:24.382Z","styleName":"Americana","styleURL":"https://americanamap.org/style.json","event":{"action":"Cancelled","tileX":3,"tileY":0,"tileZ":2,"overscaledZ":2,"sourceID":"openmaptiles"}}
{"name":"onTileAction","time":"2026-02-04T18:54:24.390Z","styleName":"Americana","styleURL":"https://americanamap.org/style.json","event":{"action":"LoadFromCache","tileX":2,"tileY":4,"tileZ":3,"overscaledZ":3,"sourceID":"openmaptiles"}}
{"name":"onTileAction","time":"2026-02-04T18:54:24.391Z","styleName":"Americana","styleURL":"https://americanamap.org/style.json","event":{"action":"RequestedFromNetwork","tileX":2,"tileY":4,"tileZ":3,"overscaledZ":3,"sourceID":"openmaptiles"}}
{"name":"onTileAction","time":"2026-02-04T18:54:24.391Z","styleName":"Americana","styleURL":"https://americanamap.org/style.json","event":{"action":"LoadFromCache","tileX":3,"tileY":4,"tileZ":3,"overscaledZ":3,"sourceID":"openmaptiles"}}
{"name":"onTileAction","time":"2026-02-04T18:54:24.391Z","styleName":"Americana","styleURL":"https://americanamap.org/style.json","event":{"action":"RequestedFromNetwork","tileX":3,"tileY":4,"tileZ":3,"overscaledZ":3,"sourceID":"openmaptiles"}}
{"name":"onTileAction","time":"2026-02-04T18:54:24.391Z","styleName":"Americana","styleURL":"https://americanamap.org/style.json","event":{"action":"LoadFromCache","tileX":4,"tileY":3,"tileZ":3,"overscaledZ":3,"sourceID":"openmaptiles"}}
{"name":"onTileAction","time":"2026-02-04T18:54:24.391Z","styleName":"Americana","styleURL":"https://americanamap.org/style.json","event":{"action":"RequestedFromNetwork","tileX":4,"tileY":3,"tileZ":3,"overscaledZ":3,"sourceID":"openmaptiles"}}
{"name":"onTileAction","time":"2026-02-04T18:54:24.391Z","styleName":"Americana","styleURL":"https://americanamap.org/style.json","event":{"action":"LoadFromCache","tileX":4,"tileY":2,"tileZ":3,"overscaledZ":3,"sourceID":"openmaptiles"}}
{"name":"onTileAction","time":"2026-02-04T18:54:24.391Z","styleName":"Americana","styleURL":"https://americanamap.org/style.json","event":{"action":"RequestedFromNetwork","tileX":4,"tileY":2,"tileZ":3,"overscaledZ":3,"sourceID":"openmaptiles"}}
{"name":"onTileAction","time":"2026-02-04T18:54:24.391Z","styleName":"Americana","styleURL":"https://americanamap.org/style.json","event":{"action":"RequestedFromNetwork","tileX":4,"tileY":1,"tileZ":3,"overscaledZ":3,"sourceID":"openmaptiles"}}
{"name":"onTileAction","time":"2026-02-04T18:54:24.391Z","styleName":"Americana","styleURL":"https://americanamap.org/style.json","event":{"action":"RequestedFromNetwork","tileX":2,"tileY":0,"tileZ":3,"overscaledZ":3,"sourceID":"openmaptiles"}}
{"name":"onTileAction","time":"2026-02-04T18:54:24.391Z","styleName":"Americana","styleURL":"https://americanamap.org/style.json","event":{"action":"RequestedFromNetwork","tileX":5,"tileY":0,"tileZ":3,"overscaledZ":3,"sourceID":"openmaptiles"}}
{"name":"onTileAction","time":"2026-02-04T18:54:24.391Z","styleName":"Americana","styleURL":"https://americanamap.org/style.json","event":{"action":"EndParse","tileX":2,"tileY":3,"tileZ":3,"overscaledZ":3,"sourceID":"org.maplibre.annotations"}}
{"name":"onTileAction","time":"2026-02-04T18:54:24.391Z","styleName":"Americana","styleURL":"https://americanamap.org/style.json","event":{"action":"EndParse","tileX":3,"tileY":3,"tileZ":3,"overscaledZ":3,"sourceID":"org.maplibre.annotations"}}
{"name":"onTileAction","time":"2026-02-04T18:54:24.391Z","styleName":"Americana","styleURL":"https://americanamap.org/style.json","event":{"action":"EndParse","tileX":2,"tileY":4,"tileZ":3,"overscaledZ":3,"sourceID":"org.maplibre.annotations"}}
{"name":"onTileAction","time":"2026-02-04T18:54:24.391Z","styleName":"Americana","styleURL":"https://americanamap.org/style.json","event":{"action":"EndParse","tileX":3,"tileY":4,"tileZ":3,"overscaledZ":3,"sourceID":"org.maplibre.annotations"}}
{"name":"onTileAction","time":"2026-02-04T18:54:24.391Z","styleName":"Americana","styleURL":"https://americanamap.org/style.json","event":{"action":"EndParse","tileX":2,"tileY":2,"tileZ":3,"overscaledZ":3,"sourceID":"org.maplibre.annotations"}}
{"name":"onTileAction","time":"2026-02-04T18:54:24.391Z","styleName":"Americana","styleURL":"https://americanamap.org/style.json","event":{"action":"EndParse","tileX":3,"tileY":2,"tileZ":3,"overscaledZ":3,"sourceID":"org.maplibre.annotations"}}
{"name":"onTileAction","time":"2026-02-04T18:54:24.391Z","styleName":"Americana","styleURL":"https://americanamap.org/style.json","event":{"action":"EndParse","tileX":1,"tileY":3,"tileZ":3,"overscaledZ":3,"sourceID":"org.maplibre.annotations"}}
{"name":"onTileAction","time":"2026-02-04T18:54:24.391Z","styleName":"Americana","styleURL":"https://americanamap.org/style.json","event":{"action":"EndParse","tileX":4,"tileY":3,"tileZ":3,"overscaledZ":3,"sourceID":"org.maplibre.annotations"}}
{"name":"onTileAction","time":"2026-02-04T18:54:24.391Z","styleName":"Americana","styleURL":"https://americanamap.org/style.json","event":{"action":"EndParse","tileX":1,"tileY":2,"tileZ":3,"overscaledZ":3,"sourceID":"org.maplibre.annotations"}}
{"name":"onTileAction","time":"2026-02-04T18:54:24.391Z","styleName":"Americana","styleURL":"https://americanamap.org/style.json","event":{"action":"EndParse","tileX":4,"tileY":2,"tileZ":3,"overscaledZ":3,"sourceID":"org.maplibre.annotations"}}
{"name":"onTileAction","time":"2026-02-04T18:54:24.391Z","styleName":"Americana","styleURL":"https://americanamap.org/style.json","event":{"action":"EndParse","tileX":2,"tileY":1,"tileZ":3,"overscaledZ":3,"sourceID":"org.maplibre.annotations"}}
{"name":"onTileAction","time":"2026-02-04T18:54:24.391Z","styleName":"Americana","styleURL":"https://americanamap.org/style.json","event":{"action":"EndParse","tileX":3,"tileY":1,"tileZ":3,"overscaledZ":3,"sourceID":"org.maplibre.annotations"}}
{"name":"onTileAction","time":"2026-02-04T18:54:24.391Z","styleName":"Americana","styleURL":"https://americanamap.org/style.json","event":{"action":"EndParse","tileX":1,"tileY":1,"tileZ":3,"overscaledZ":3,"sourceID":"org.maplibre.annotations"}}
{"name":"onTileAction","time":"2026-02-04T18:54:24.391Z","styleName":"Americana","styleURL":"https://americanamap.org/style.json","event":{"action":"EndParse","tileX":4,"tileY":1,"tileZ":3,"overscaledZ":3,"sourceID":"org.maplibre.annotations"}}
{"name":"onTileAction","time":"2026-02-04T18:54:24.391Z","styleName":"Americana","styleURL":"https://americanamap.org/style.json","event":{"action":"EndParse","tileX":2,"tileY":0,"tileZ":3,"overscaledZ":3,"sourceID":"org.maplibre.annotations"}}
{"name":"onTileAction","time":"2026-02-04T18:54:24.391Z","styleName":"Americana","styleURL":"https://americanamap.org/style.json","event":{"action":"EndParse","tileX":3,"tileY":0,"tileZ":3,"overscaledZ":3,"sourceID":"org.maplibre.annotations"}}
{"name":"onTileAction","time":"2026-02-04T18:54:24.391Z","styleName":"Americana","styleURL":"https://americanamap.org/style.json","event":{"action":"EndParse","tileX":1,"tileY":0,"tileZ":3,"overscaledZ":3,"sourceID":"org.maplibre.annotations"}}
{"name":"onTileAction","time":"2026-02-04T18:54:24.391Z","styleName":"Americana","styleURL":"https://americanamap.org/style.json","event":{"action":"EndParse","tileX":4,"tileY":0,"tileZ":3,"overscaledZ":3,"sourceID":"org.maplibre.annotations"}}
{"name":"onTileAction","time":"2026-02-04T18:54:24.391Z","styleName":"Americana","styleURL":"https://americanamap.org/style.json","event":{"action":"EndParse","tileX":0,"tileY":0,"tileZ":3,"overscaledZ":3,"sourceID":"org.maplibre.annotations"}}
{"name":"onTileAction","time":"2026-02-04T18:54:24.391Z","styleName":"Americana","styleURL":"https://americanamap.org/style.json","event":{"action":"EndParse","tileX":5,"tileY":0,"tileZ":3,"overscaledZ":3,"sourceID":"org.maplibre.annotations"}}
{"name":"onCameraWillChange","time":"2026-02-04T18:54:24.392Z","styleName":"Americana","styleURL":"https://americanamap.org/style.json","event":{"cameraMode":0}}
{"name":"onCameraDidChange","time":"2026-02-04T18:54:24.392Z","styleName":"Americana","styleURL":"https://americanamap.org/style.json","event":{"cameraMode":0}}
{"name":"onTileAction","time":"2026-02-04T18:54:24.404Z","styleName":"Americana","styleURL":"https://americanamap.org/style.json","event":{"action":"Cancelled","tileX":5,"tileY":0,"tileZ":3,"overscaledZ":3,"sourceID":"openmaptiles"}}
{"name":"onTileAction","time":"2026-02-04T18:54:24.404Z","styleName":"Americana","styleURL":"https://americanamap.org/style.json","event":{"action":"Cancelled","tileX":4,"tileY":3,"tileZ":3,"overscaledZ":3,"sourceID":"openmaptiles"}}
{"name":"onTileAction","time":"2026-02-04T18:54:24.404Z","styleName":"Americana","styleURL":"https://americanamap.org/style.json","event":{"action":"Cancelled","tileX":2,"tileY":0,"tileZ":3,"overscaledZ":3,"sourceID":"openmaptiles"}}
{"name":"onTileAction","time":"2026-02-04T18:54:24.404Z","styleName":"Americana","styleURL":"https://americanamap.org/style.json","event":{"action":"Cancelled","tileX":1,"tileY":0,"tileZ":2,"overscaledZ":2,"sourceID":"openmaptiles"}}
{"name":"onTileAction","time":"2026-02-04T18:54:24.417Z","styleName":"Americana","styleURL":"https://americanamap.org/style.json","event":{"action":"EndParse","tileX":1,"tileY":2,"tileZ":2,"overscaledZ":2,"sourceID":"openmaptiles"}}
{"name":"onTileAction","time":"2026-02-04T18:54:24.417Z","styleName":"Americana","styleURL":"https://americanamap.org/style.json","event":{"action":"LoadFromNetwork","tileX":4,"tileY":1,"tileZ":3,"overscaledZ":3,"sourceID":"openmaptiles"}}
{"name":"onTileAction","time":"2026-02-04T18:54:24.434Z","styleName":"Americana","styleURL":"https://americanamap.org/style.json","event":{"action":"EndParse","tileX":3,"tileY":4,"tileZ":3,"overscaledZ":3,"sourceID":"openmaptiles"}}
{"name":"onTileAction","time":"2026-02-04T18:54:24.451Z","styleName":"Americana","styleURL":"https://americanamap.org/style.json","event":{"action":"EndParse","tileX":4,"tileY":1,"tileZ":3,"overscaledZ":3,"sourceID":"openmaptiles"}}
{"name":"onGlyphsRequested","time":"2026-02-04T18:54:24.451Z","styleName":"Americana","styleURL":"https://americanamap.org/style.json","event":{"fonts":["Americana-Regular"],"rangeStart":256,"rangeEnd":511}}
{"name":"onGlyphsRequested","time":"2026-02-04T18:54:24.451Z","styleName":"Americana","styleURL":"https://americanamap.org/style.json","event":{"fonts":["Americana-Regular"],"rangeStart":512,"rangeEnd":767}}
{"name":"onGlyphsRequested","time":"2026-02-04T18:54:24.451Z","styleName":"Americana","styleURL":"https://americanamap.org/style.json","event":{"fonts":["Americana-Regular"],"rangeStart":3840,"rangeEnd":4095}}
{"name":"onTileAction","time":"2026-02-04T18:54:24.451Z","styleName":"Americana","styleURL":"https://americanamap.org/style.json","event":{"action":"EndParse","tileX":2,"tileY":4,"tileZ":3,"overscaledZ":3,"sourceID":"openmaptiles"}}
{"name":"onTileAction","time":"2026-02-04T18:54:24.454Z","styleName":"Americana","styleURL":"https://americanamap.org/style.json","event":{"action":"Cancelled","tileX":2,"tileY":0,"tileZ":2,"overscaledZ":2,"sourceID":"openmaptiles"}}
{"name":"onGlyphsLoaded","time":"2026-02-04T18:54:24.469Z","styleName":"Americana","styleURL":"https://americanamap.org/style.json","event":{"fonts":["Americana-Regular"],"rangeStart":256,"rangeEnd":511}}
{"name":"onGlyphsLoaded","time":"2026-02-04T18:54:24.469Z","styleName":"Americana","styleURL":"https://americanamap.org/style.json","event":{"fonts":["Americana-Regular"],"rangeStart":512,"rangeEnd":767}}
{"name":"onGlyphsLoaded","time":"2026-02-04T18:54:24.470Z","styleName":"Americana","styleURL":"https://americanamap.org/style.json","event":{"fonts":["Americana-Regular"],"rangeStart":3840,"rangeEnd":4095}}
{"name":"onTileAction","time":"2026-02-04T18:54:24.484Z","styleName":"Americana","styleURL":"https://americanamap.org/style.json","event":{"action":"EndParse","tileX":2,"tileY":1,"tileZ":2,"overscaledZ":2,"sourceID":"openmaptiles"}}
{"name":"onTileAction","time":"2026-02-04T18:54:24.502Z","styleName":"Americana","styleURL":"https://americanamap.org/style.json","event":{"action":"EndParse","tileX":4,"tileY":2,"tileZ":3,"overscaledZ":3,"sourceID":"openmaptiles"}}
{"name":"onCameraWillChange","time":"2026-02-04T18:54:25.072Z","styleName":"Americana","styleURL":"https://americanamap.org/style.json","event":{"cameraMode":0}}
{"name":"onCameraDidChange","time":"2026-02-04T18:54:25.072Z","styleName":"Americana","styleURL":"https://americanamap.org/style.json","event":{"cameraMode":0}}
{"name":"onCameraWillChange","time":"2026-02-04T18:54:25.072Z","styleName":"Americana","styleURL":"https://americanamap.org/style.json","event":{"cameraMode":0}}
{"name":"onCameraDidChange","time":"2026-02-04T18:54:25.072Z","styleName":"Americana","styleURL":"https://americanamap.org/style.json","event":{"cameraMode":0}}
{"name":"onCameraWillChange","time":"2026-02-04T18:54:25.082Z","styleName":"Americana","styleURL":"https://americanamap.org/style.json","event":{"cameraMode":0}}
{"name":"onCameraDidChange","time":"2026-02-04T18:54:25.082Z","styleName":"Americana","styleURL":"https://americanamap.org/style.json","event":{"cameraMode":0}}
{"name":"onCameraWillChange","time":"2026-02-04T18:54:25.104Z","styleName":"Americana","styleURL":"https://americanamap.org/style.json","event":{"cameraMode":0}}
{"name":"onCameraDidChange","time":"2026-02-04T18:54:25.104Z","styleName":"Americana","styleURL":"https://americanamap.org/style.json","event":{"cameraMode":0}}
{"name":"onCameraWillChange","time":"2026-02-04T18:54:25.121Z","styleName":"Americana","styleURL":"https://americanamap.org/style.json","event":{"cameraMode":0}}
{"name":"onCameraDidChange","time":"2026-02-04T18:54:25.121Z","styleName":"Americana","styleURL":"https://americanamap.org/style.json","event":{"cameraMode":0}}
{"name":"onCameraWillChange","time":"2026-02-04T18:54:25.137Z","styleName":"Americana","styleURL":"https://americanamap.org/style.json","event":{"cameraMode":0}}
{"name":"onCameraDidChange","time":"2026-02-04T18:54:25.137Z","styleName":"Americana","styleURL":"https://americanamap.org/style.json","event":{"cameraMode":0}}
{"name":"onCameraWillChange","time":"2026-02-04T18:54:25.152Z","styleName":"Americana","styleURL":"https://americanamap.org/style.json","event":{"cameraMode":0}}
{"name":"onCameraDidChange","time":"2026-02-04T18:54:25.152Z","styleName":"Americana","styleURL":"https://americanamap.org/style.json","event":{"cameraMode":0}}
{"name":"onCameraWillChange","time":"2026-02-04T18:54:25.169Z","styleName":"Americana","styleURL":"https://americanamap.org/style.json","event":{"cameraMode":0}}
{"name":"onCameraDidChange","time":"2026-02-04T18:54:25.169Z","styleName":"Americana","styleURL":"https://americanamap.org/style.json","event":{"cameraMode":0}}
{"name":"onTileAction","time":"2026-02-04T18:54:25.169Z","styleName":"Americana","styleURL":"https://americanamap.org/style.json","event":{"action":"RequestedFromNetwork","tileX":1,"tileY":3,"tileZ":3,"overscaledZ":3,"sourceID":"openmaptiles"}}
{"name":"onTileAction","time":"2026-02-04T18:54:25.171Z","styleName":"Americana","styleURL":"https://americanamap.org/style.json","event":{"action":"StartParse","tileX":1,"tileY":3,"tileZ":3,"overscaledZ":3,"sourceID":"org.maplibre.annotations"}}
{"name":"onTileAction","time":"2026-02-04T18:54:25.186Z","styleName":"Americana","styleURL":"https://americanamap.org/style.json","event":{"action":"EndParse","tileX":1,"tileY":3,"tileZ":3,"overscaledZ":3,"sourceID":"org.maplibre.annotations"}}
{"name":"onCameraWillChange","time":"2026-02-04T18:54:25.186Z","styleName":"Americana","styleURL":"https://americanamap.org/style.json","event":{"cameraMode":0}}
{"name":"onCameraDidChange","time":"2026-02-04T18:54:25.186Z","styleName":"Americana","styleURL":"https://americanamap.org/style.json","event":{"cameraMode":0}}
{"name":"onCameraWillChange","time":"2026-02-04T18:54:25.203Z","styleName":"Americana","styleURL":"https://americanamap.org/style.json","event":{"cameraMode":0}}
{"name":"onCameraDidChange","time":"2026-02-04T18:54:25.203Z","styleName":"Americana","styleURL":"https://americanamap.org/style.json","event":{"cameraMode":0}}
{"name":"onCameraWillChange","time":"2026-02-04T18:54:25.219Z","styleName":"Americana","styleURL":"https://americanamap.org/style.json","event":{"cameraMode":0}}
{"name":"onCameraDidChange","time":"2026-02-04T18:54:25.219Z","styleName":"Americana","styleURL":"https://americanamap.org/style.json","event":{"cameraMode":0}}
{"name":"onCameraWillChange","time":"2026-02-04T18:54:25.236Z","styleName":"Americana","styleURL":"https://americanamap.org/style.json","event":{"cameraMode":0}}
{"name":"onCameraDidChange","time":"2026-02-04T18:54:25.236Z","styleName":"Americana","styleURL":"https://americanamap.org/style.json","event":{"cameraMode":0}}
{"name":"onCameraWillChange","time":"2026-02-04T18:54:25.253Z","styleName":"Americana","styleURL":"https://americanamap.org/style.json","event":{"cameraMode":0}}
{"name":"onCameraDidChange","time":"2026-02-04T18:54:25.253Z","styleName":"Americana","styleURL":"https://americanamap.org/style.json","event":{"cameraMode":0}}
{"name":"onCameraWillChange","time":"2026-02-04T18:54:25.269Z","styleName":"Americana","styleURL":"https://americanamap.org/style.json","event":{"cameraMode":0}}
{"name":"onCameraDidChange","time":"2026-02-04T18:54:25.269Z","styleName":"Americana","styleURL":"https://americanamap.org/style.json","event":{"cameraMode":0}}
{"name":"onTileAction","time":"2026-02-04T18:54:25.270Z","styleName":"Americana","styleURL":"https://americanamap.org/style.json","event":{"action":"RequestedFromCache","tileX":1,"tileY":4,"tileZ":3,"overscaledZ":3,"sourceID":"openmaptiles"}}
{"name":"onTileAction","time":"2026-02-04T18:54:25.270Z","styleName":"Americana","styleURL":"https://americanamap.org/style.json","event":{"action":"StartParse","tileX":1,"tileY":4,"tileZ":3,"overscaledZ":3,"sourceID":"openmaptiles"}}
{"name":"onTileAction","time":"2026-02-04T18:54:25.270Z","styleName":"Americana","styleURL":"https://americanamap.org/style.json","event":{"action":"RequestedFromNetwork","tileX":0,"tileY":1,"tileZ":3,"overscaledZ":3,"sourceID":"openmaptiles"}}
{"name":"onTileAction","time":"2026-02-04T18:54:25.272Z","styleName":"Americana","styleURL":"https://americanamap.org/style.json","event":{"action":"StartParse","tileX":1,"tileY":4,"tileZ":3,"overscaledZ":3,"sourceID":"org.maplibre.annotations"}}
{"name":"onTileAction","time":"2026-02-04T18:54:25.272Z","styleName":"Americana","styleURL":"https://americanamap.org/style.json","event":{"action":"StartParse","tileX":0,"tileY":1,"tileZ":3,"overscaledZ":3,"sourceID":"org.maplibre.annotations"}}
{"name":"onTileAction","time":"2026-02-04T18:54:25.286Z","styleName":"Americana","styleURL":"https://americanamap.org/style.json","event":{"action":"LoadFromCache","tileX":1,"tileY":4,"tileZ":3,"overscaledZ":3,"sourceID":"openmaptiles"}}
{"name":"onTileAction","time":"2026-02-04T18:54:25.286Z","styleName":"Americana","styleURL":"https://americanamap.org/style.json","event":{"action":"RequestedFromNetwork","tileX":1,"tileY":4,"tileZ":3,"overscaledZ":3,"sourceID":"openmaptiles"}}
{"name":"onTileAction","time":"2026-02-04T18:54:25.286Z","styleName":"Americana","styleURL":"https://americanamap.org/style.json","event":{"action":"EndParse","tileX":1,"tileY":4,"tileZ":3,"overscaledZ":3,"sourceID":"org.maplibre.annotations"}}
{"name":"onTileAction","time":"2026-02-04T18:54:25.286Z","styleName":"Americana","styleURL":"https://americanamap.org/style.json","event":{"action":"EndParse","tileX":0,"tileY":1,"tileZ":3,"overscaledZ":3,"sourceID":"org.maplibre.annotations"}}
{"name":"onCameraWillChange","time":"2026-02-04T18:54:25.286Z","styleName":"Americana","styleURL":"https://americanamap.org/style.json","event":{"cameraMode":0}}
{"name":"onCameraDidChange","time":"2026-02-04T18:54:25.286Z","styleName":"Americana","styleURL":"https://americanamap.org/style.json","event":{"cameraMode":0}}
{"name":"onTileAction","time":"2026-02-04T18:54:25.287Z","styleName":"Americana","styleURL":"https://americanamap.org/style.json","event":{"action":"RequestedFromCache","tileX":0,"tileY":2,"tileZ":2,"overscaledZ":2,"sourceID":"openmaptiles"}}
{"name":"onTileAction","time":"2026-02-04T18:54:25.287Z","styleName":"Americana","styleURL":"https://americanamap.org/style.json","event":{"action":"StartParse","tileX":0,"tileY":2,"tileZ":2,"overscaledZ":2,"sourceID":"openmaptiles"}}
{"name":"onTileAction","time":"2026-02-04T18:54:25.302Z","styleName":"Americana","styleURL":"https://americanamap.org/style.json","event":{"action":"LoadFromCache","tileX":0,"tileY":2,"tileZ":2,"overscaledZ":2,"sourceID":"openmaptiles"}}
{"name":"onTileAction","time":"2026-02-04T18:54:25.302Z","styleName":"Americana","styleURL":"https://americanamap.org/style.json","event":{"action":"EndParse","tileX":1,"tileY":4,"tileZ":3,"overscaledZ":3,"sourceID":"openmaptiles"}}
{"name":"onCameraWillChange","time":"2026-02-04T18:54:25.302Z","styleName":"Americana","styleURL":"https://americanamap.org/style.json","event":{"cameraMode":0}}
{"name":"onCameraDidChange","time":"2026-02-04T18:54:25.302Z","styleName":"Americana","styleURL":"https://americanamap.org/style.json","event":{"cameraMode":0}}
{"name":"onTileAction","time":"2026-02-04T18:54:25.304Z","styleName":"Americana","styleURL":"https://americanamap.org/style.json","event":{"action":"Cancelled","tileX":0,"tileY":2,"tileZ":2,"overscaledZ":2,"sourceID":"openmaptiles"}}
{"name":"onCameraWillChange","time":"2026-02-04T18:54:25.319Z","styleName":"Americana","styleURL":"https://americanamap.org/style.json","event":{"cameraMode":0}}
{"name":"onCameraDidChange","time":"2026-02-04T18:54:25.319Z","styleName":"Americana","styleURL":"https://americanamap.org/style.json","event":{"cameraMode":0}}
{"name":"onCameraWillChange","time":"2026-02-04T18:54:25.336Z","styleName":"Americana","styleURL":"https://americanamap.org/style.json","event":{"cameraMode":0}}
{"name":"onCameraDidChange","time":"2026-02-04T18:54:25.336Z","styleName":"Americana","styleURL":"https://americanamap.org/style.json","event":{"cameraMode":0}}
{"name":"onCameraWillChange","time":"2026-02-04T18:54:25.785Z","styleName":"Americana","styleURL":"https://americanamap.org/style.json","event":{"cameraMode":0}}
{"name":"onCameraDidChange","time":"2026-02-04T18:54:25.786Z","styleName":"Americana","styleURL":"https://americanamap.org/style.json","event":{"cameraMode":0}}
{"name":"onCameraWillChange","time":"2026-02-04T18:54:25.800Z","styleName":"Americana","styleURL":"https://americanamap.org/style.json","event":{"cameraMode":0}}
{"name":"onCameraDidChange","time":"2026-02-04T18:54:25.800Z","styleName":"Americana","styleURL":"https://americanamap.org/style.json","event":{"cameraMode":0}}
{"name":"onTileAction","time":"2026-02-04T18:54:25.802Z","styleName":"Americana","styleURL":"https://americanamap.org/style.json","event":{"action":"RequestedFromNetwork","tileX":4,"tileY":6,"tileZ":4,"overscaledZ":4,"sourceID":"openmaptiles"}}
{"name":"onTileAction","time":"2026-02-04T18:54:25.802Z","styleName":"Americana","styleURL":"https://americanamap.org/style.json","event":{"action":"RequestedFromCache","tileX":4,"tileY":7,"tileZ":4,"overscaledZ":4,"sourceID":"openmaptiles"}}
{"name":"onTileAction","time":"2026-02-04T18:54:25.802Z","styleName":"Americana","styleURL":"https://americanamap.org/style.json","event":{"action":"StartParse","tileX":4,"tileY":7,"tileZ":4,"overscaledZ":4,"sourceID":"openmaptiles"}}
{"name":"onTileAction","time":"2026-02-04T18:54:25.802Z","styleName":"Americana","styleURL":"https://americanamap.org/style.json","event":{"action":"RequestedFromNetwork","tileX":5,"tileY":6,"tileZ":4,"overscaledZ":4,"sourceID":"openmaptiles"}}
{"name":"onTileAction","time":"2026-02-04T18:54:25.802Z","styleName":"Americana","styleURL":"https://americanamap.org/style.json","event":{"action":"RequestedFromCache","tileX":5,"tileY":7,"tileZ":4,"overscaledZ":4,"sourceID":"openmaptiles"}}
{"name":"onTileAction","time":"2026-02-04T18:54:25.802Z","styleName":"Americana","styleURL":"https://americanamap.org/style.json","event":{"action":"StartParse","tileX":5,"tileY":7,"tileZ":4,"overscaledZ":4,"sourceID":"openmaptiles"}}
{"name":"onTileAction","time":"2026-02-04T18:54:25.802Z","styleName":"Americana","styleURL":"https://americanamap.org/style.json","event":{"action":"RequestedFromNetwork","tileX":3,"tileY":6,"tileZ":4,"overscaledZ":4,"sourceID":"openmaptiles"}}
{"name":"onTileAction","time":"2026-02-04T18:54:25.802Z","styleName":"Americana","styleURL":"https://americanamap.org/style.json","event":{"action":"RequestedFromCache","tileX":3,"tileY":7,"tileZ":4,"overscaledZ":4,"sourceID":"openmaptiles"}}
{"name":"onTileAction","time":"2026-02-04T18:54:25.802Z","styleName":"Americana","styleURL":"https://americanamap.org/style.json","event":{"action":"StartParse","tileX":3,"tileY":7,"tileZ":4,"overscaledZ":4,"sourceID":"openmaptiles"}}
{"name":"onTileAction","time":"2026-02-04T18:54:25.802Z","styleName":"Americana","styleURL":"https://americanamap.org/style.json","event":{"action":"RequestedFromNetwork","tileX":4,"tileY":5,"tileZ":4,"overscaledZ":4,"sourceID":"openmaptiles"}}
{"name":"onTileAction","time":"2026-02-04T18:54:25.802Z","styleName":"Americana","styleURL":"https://americanamap.org/style.json","event":{"action":"RequestedFromNetwork","tileX":5,"tileY":5,"tileZ":4,"overscaledZ":4,"sourceID":"openmaptiles"}}
{"name":"onTileAction","time":"2026-02-04T18:54:25.802Z","styleName":"Americana","styleURL":"https://americanamap.org/style.json","event":{"action":"RequestedFromNetwork","tileX":3,"tileY":5,"tileZ":4,"overscaledZ":4,"sourceID":"openmaptiles"}}
{"name":"onTileAction","time":"2026-02-04T18:54:25.803Z","styleName":"Americana","styleURL":"https://americanamap.org/style.json","event":{"action":"RequestedFromCache","tileX":6,"tileY":5,"tileZ":4,"overscaledZ":4,"sourceID":"openmaptiles"}}
{"name":"onTileAction","time":"2026-02-04T18:54:25.803Z","styleName":"Americana","styleURL":"https://americanamap.org/style.json","event":{"action":"StartParse","tileX":6,"tileY":5,"tileZ":4,"overscaledZ":4,"sourceID":"openmaptiles"}}
{"name":"onTileAction","time":"2026-02-04T18:54:25.803Z","styleName":"Americana","styleURL":"https://americanamap.org/style.json","event":{"action":"RequestedFromNetwork","tileX":4,"tileY":4,"tileZ":4,"overscaledZ":4,"sourceID":"openmaptiles"}}
{"name":"onTileAction","time":"2026-02-04T18:54:25.803Z","styleName":"Americana","styleURL":"https://americanamap.org/style.json","event":{"action":"RequestedFromNetwork","tileX":5,"tileY":4,"tileZ":4,"overscaledZ":4,"sourceID":"openmaptiles"}}
{"name":"onTileAction","time":"2026-02-04T18:54:25.803Z","styleName":"Americana","styleURL":"https://americanamap.org/style.json","event":{"action":"RequestedFromNetwork","tileX":3,"tileY":4,"tileZ":4,"overscaledZ":4,"sourceID":"openmaptiles"}}
{"name":"onTileAction","time":"2026-02-04T18:54:25.803Z","styleName":"Americana","styleURL":"https://americanamap.org/style.json","event":{"action":"RequestedFromCache","tileX":6,"tileY":4,"tileZ":4,"overscaledZ":4,"sourceID":"openmaptiles"}}
{"name":"onTileAction","time":"2026-02-04T18:54:25.803Z","styleName":"Americana","styleURL":"https://americanamap.org/style.json","event":{"action":"StartParse","tileX":6,"tileY":4,"tileZ":4,"overscaledZ":4,"sourceID":"openmaptiles"}}
{"name":"onTileAction","time":"2026-02-04T18:54:25.803Z","styleName":"Americana","styleURL":"https://americanamap.org/style.json","event":{"action":"RequestedFromCache","tileX":2,"tileY":4,"tileZ":4,"overscaledZ":4,"sourceID":"openmaptiles"}}
{"name":"onTileAction","time":"2026-02-04T18:54:25.803Z","styleName":"Americana","styleURL":"https://americanamap.org/style.json","event":{"action":"StartParse","tileX":2,"tileY":4,"tileZ":4,"overscaledZ":4,"sourceID":"openmaptiles"}}
{"name":"onTileAction","time":"2026-02-04T18:54:25.804Z","styleName":"Americana","styleURL":"https://americanamap.org/style.json","event":{"action":"StartParse","tileX":4,"tileY":6,"tileZ":4,"overscaledZ":4,"sourceID":"org.maplibre.annotations"}}
{"name":"onTileAction","time":"2026-02-04T18:54:25.804Z","styleName":"Americana","styleURL":"https://americanamap.org/style.json","event":{"action":"StartParse","tileX":4,"tileY":7,"tileZ":4,"overscaledZ":4,"sourceID":"org.maplibre.annotations"}}
{"name":"onTileAction","time":"2026-02-04T18:54:25.805Z","styleName":"Americana","styleURL":"https://americanamap.org/style.json","event":{"action":"StartParse","tileX":5,"tileY":6,"tileZ":4,"overscaledZ":4,"sourceID":"org.maplibre.annotations"}}
{"name":"onTileAction","time":"2026-02-04T18:54:25.805Z","styleName":"Americana","styleURL":"https://americanamap.org/style.json","event":{"action":"StartParse","tileX":5,"tileY":7,"tileZ":4,"overscaledZ":4,"sourceID":"org.maplibre.annotations"}}
{"name":"onTileAction","time":"2026-02-04T18:54:25.805Z","styleName":"Americana","styleURL":"https://americanamap.org/style.json","event":{"action":"StartParse","tileX":3,"tileY":6,"tileZ":4,"overscaledZ":4,"sourceID":"org.maplibre.annotations"}}
{"name":"onTileAction","time":"2026-02-04T18:54:25.805Z","styleName":"Americana","styleURL":"https://americanamap.org/style.json","event":{"action":"StartParse","tileX":3,"tileY":7,"tileZ":4,"overscaledZ":4,"sourceID":"org.maplibre.annotations"}}
{"name":"onTileAction","time":"2026-02-04T18:54:25.805Z","styleName":"Americana","styleURL":"https://americanamap.org/style.json","event":{"action":"StartParse","tileX":4,"tileY":5,"tileZ":4,"overscaledZ":4,"sourceID":"org.maplibre.annotations"}}
{"name":"onTileAction","time":"2026-02-04T18:54:25.805Z","styleName":"Americana","styleURL":"https://americanamap.org/style.json","event":{"action":"StartParse","tileX":5,"tileY":5,"tileZ":4,"overscaledZ":4,"sourceID":"org.maplibre.annotations"}}
{"name":"onTileAction","time":"2026-02-04T18:54:25.806Z","styleName":"Americana","styleURL":"https://americanamap.org/style.json","event":{"action":"StartParse","tileX":3,"tileY":5,"tileZ":4,"overscaledZ":4,"sourceID":"org.maplibre.annotations"}}
{"name":"onTileAction","time":"2026-02-04T18:54:25.806Z","styleName":"Americana","styleURL":"https://americanamap.org/style.json","event":{"action":"StartParse","tileX":6,"tileY":5,"tileZ":4,"overscaledZ":4,"sourceID":"org.maplibre.annotations"}}
{"name":"onTileAction","time":"2026-02-04T18:54:25.806Z","styleName":"Americana","styleURL":"https://americanamap.org/style.json","event":{"action":"StartParse","tileX":4,"tileY":4,"tileZ":4,"overscaledZ":4,"sourceID":"org.maplibre.annotations"}}
{"name":"onTileAction","time":"2026-02-04T18:54:25.806Z","styleName":"Americana","styleURL":"https://americanamap.org/style.json","event":{"action":"StartParse","tileX":5,"tileY":4,"tileZ":4,"overscaledZ":4,"sourceID":"org.maplibre.annotations"}}
{"name":"onTileAction","time":"2026-02-04T18:54:25.806Z","styleName":"Americana","styleURL":"https://americanamap.org/style.json","event":{"action":"StartParse","tileX":3,"tileY":4,"tileZ":4,"overscaledZ":4,"sourceID":"org.maplibre.annotations"}}
{"name":"onTileAction","time":"2026-02-04T18:54:25.806Z","styleName":"Americana","styleURL":"https://americanamap.org/style.json","event":{"action":"StartParse","tileX":6,"tileY":4,"tileZ":4,"overscaledZ":4,"sourceID":"org.maplibre.annotations"}}
{"name":"onTileAction","time":"2026-02-04T18:54:25.807Z","styleName":"Americana","styleURL":"https://americanamap.org/style.json","event":{"action":"StartParse","tileX":2,"tileY":4,"tileZ":4,"overscaledZ":4,"sourceID":"org.maplibre.annotations"}}
{"name":"onTileAction","time":"2026-02-04T18:54:25.829Z","styleName":"Americana","styleURL":"https://americanamap.org/style.json","event":{"action":"LoadFromCache","tileX":4,"tileY":7,"tileZ":4,"overscaledZ":4,"sourceID":"openmaptiles"}}
{"name":"onTileAction","time":"2026-02-04T18:54:25.830Z","styleName":"Americana","styleURL":"https://americanamap.org/style.json","event":{"action":"RequestedFromNetwork","tileX":4,"tileY":7,"tileZ":4,"overscaledZ":4,"sourceID":"openmaptiles"}}
{"name":"onTileAction","time":"2026-02-04T18:54:25.830Z","styleName":"Americana","styleURL":"https://americanamap.org/style.json","event":{"action":"LoadFromCache","tileX":5,"tileY":7,"tileZ":4,"overscaledZ":4,"sourceID":"openmaptiles"}}
{"name":"onTileAction","time":"2026-02-04T18:54:25.830Z","styleName":"Americana","styleURL":"https://americanamap.org/style.json","event":{"action":"RequestedFromNetwork","tileX":5,"tileY":7,"tileZ":4,"overscaledZ":4,"sourceID":"openmaptiles"}}
{"name":"onTileAction","time":"2026-02-04T18:54:25.830Z","styleName":"Americana","styleURL":"https://americanamap.org/style.json","event":{"action":"EndParse","tileX":4,"tileY":6,"tileZ":4,"overscaledZ":4,"sourceID":"org.maplibre.annotations"}}
{"name":"onTileAction","time":"2026-02-04T18:54:25.830Z","styleName":"Americana","styleURL":"https://americanamap.org/style.json","event":{"action":"EndParse","tileX":4,"tileY":7,"tileZ":4,"overscaledZ":4,"sourceID":"org.maplibre.annotations"}}
{"name":"onTileAction","time":"2026-02-04T18:54:25.830Z","styleName":"Americana","styleURL":"https://americanamap.org/style.json","event":{"action":"LoadFromCache","tileX":3,"tileY":7,"tileZ":4,"overscaledZ":4,"sourceID":"openmaptiles"}}
{"name":"onTileAction","time":"2026-02-04T18:54:25.830Z","styleName":"Americana","styleURL":"https://americanamap.org/style.json","event":{"action":"RequestedFromNetwork","tileX":3,"tileY":7,"tileZ":4,"overscaledZ":4,"sourceID":"openmaptiles"}}
{"name":"onTileAction","time":"2026-02-04T18:54:25.830Z","styleName":"Americana","styleURL":"https://americanamap.org/style.json","event":{"action":"RequestedFromNetwork","tileX":6,"tileY":5,"tileZ":4,"overscaledZ":4,"sourceID":"openmaptiles"}}
{"name":"onTileAction","time":"2026-02-04T18:54:25.830Z","styleName":"Americana","styleURL":"https://americanamap.org/style.json","event":{"action":"EndParse","tileX":5,"tileY":6,"tileZ":4,"overscaledZ":4,"sourceID":"org.maplibre.annotations"}}
{"name":"onTileAction","time":"2026-02-04T18:54:25.830Z","styleName":"Americana","styleURL":"https://americanamap.org/style.json","event":{"action":"EndParse","tileX":5,"tileY":7,"tileZ":4,"overscaledZ":4,"sourceID":"org.maplibre.annotations"}}
{"name":"onTileAction","time":"2026-02-04T18:54:25.830Z","styleName":"Americana","styleURL":"https://americanamap.org/style.json","event":{"action":"EndParse","tileX":3,"tileY":6,"tileZ":4,"overscaledZ":4,"sourceID":"org.maplibre.annotations"}}
{"name":"onTileAction","time":"2026-02-04T18:54:25.830Z","styleName":"Americana","styleURL":"https://americanamap.org/style.json","event":{"action":"LoadFromCache","tileX":6,"tileY":4,"tileZ":4,"overscaledZ":4,"sourceID":"openmaptiles"}}
{"name":"onTileAction","time":"2026-02-04T18:54:25.830Z","styleName":"Americana","styleURL":"https://americanamap.org/style.json","event":{"action":"RequestedFromNetwork","tileX":6,"tileY":4,"tileZ":4,"overscaledZ":4,"sourceID":"openmaptiles"}}
{"name":"onTileAction","time":"2026-02-04T18:54:25.830Z","styleName":"Americana","styleURL":"https://americanamap.org/style.json","event":{"action":"EndParse","tileX":3,"tileY":7,"tileZ":4,"overscaledZ":4,"sourceID":"org.maplibre.annotations"}}
{"name":"onTileAction","time":"2026-02-04T18:54:25.830Z","styleName":"Americana","styleURL":"https://americanamap.org/style.json","event":{"action":"EndParse","tileX":4,"tileY":5,"tileZ":4,"overscaledZ":4,"sourceID":"org.maplibre.annotations"}}
{"name":"onTileAction","time":"2026-02-04T18:54:25.830Z","styleName":"Americana","styleURL":"https://americanamap.org/style.json","event":{"action":"EndParse","tileX":5,"tileY":5,"tileZ":4,"overscaledZ":4,"sourceID":"org.maplibre.annotations"}}
{"name":"onTileAction","time":"2026-02-04T18:54:25.830Z","styleName":"Americana","styleURL":"https://americanamap.org/style.json","event":{"action":"LoadFromCache","tileX":2,"tileY":4,"tileZ":4,"overscaledZ":4,"sourceID":"openmaptiles"}}
{"name":"onTileAction","time":"2026-02-04T18:54:25.830Z","styleName":"Americana","styleURL":"https://americanamap.org/style.json","event":{"action":"RequestedFromNetwork","tileX":2,"tileY":4,"tileZ":4,"overscaledZ":4,"sourceID":"openmaptiles"}}
{"name":"onTileAction","time":"2026-02-04T18:54:25.830Z","styleName":"Americana","styleURL":"https://americanamap.org/style.json","event":{"action":"EndParse","tileX":3,"tileY":5,"tileZ":4,"overscaledZ":4,"sourceID":"org.maplibre.annotations"}}
{"name":"onTileAction","time":"2026-02-04T18:54:25.830Z","styleName":"Americana","styleURL":"https://americanamap.org/style.json","event":{"action":"EndParse","tileX":6,"tileY":5,"tileZ":4,"overscaledZ":4,"sourceID":"org.maplibre.annotations"}}
{"name":"onTileAction","time":"2026-02-04T18:54:25.830Z","styleName":"Americana","styleURL":"https://americanamap.org/style.json","event":{"action":"EndParse","tileX":4,"tileY":4,"tileZ":4,"overscaledZ":4,"sourceID":"org.maplibre.annotations"}}
{"name":"onTileAction","time":"2026-02-04T18:54:25.830Z","styleName":"Americana","styleURL":"https://americanamap.org/style.json","event":{"action":"EndParse","tileX":5,"tileY":4,"tileZ":4,"overscaledZ":4,"sourceID":"org.maplibre.annotations"}}
{"name":"onTileAction","time":"2026-02-04T18:54:25.830Z","styleName":"Americana","styleURL":"https://americanamap.org/style.json","event":{"action":"EndParse","tileX":3,"tileY":4,"tileZ":4,"overscaledZ":4,"sourceID":"org.maplibre.annotations"}}
{"name":"onTileAction","time":"2026-02-04T18:54:25.830Z","styleName":"Americana","styleURL":"https://americanamap.org/style.json","event":{"action":"EndParse","tileX":6,"tileY":4,"tileZ":4,"overscaledZ":4,"sourceID":"org.maplibre.annotations"}}
{"name":"onTileAction","time":"2026-02-04T18:54:25.830Z","styleName":"Americana","styleURL":"https://americanamap.org/style.json","event":{"action":"EndParse","tileX":2,"tileY":4,"tileZ":4,"overscaledZ":4,"sourceID":"org.maplibre.annotations"}}
{"name":"onCameraWillChange","time":"2026-02-04T18:54:25.831Z","styleName":"Americana","styleURL":"https://americanamap.org/style.json","event":{"cameraMode":0}}
{"name":"onCameraDidChange","time":"2026-02-04T18:54:25.831Z","styleName":"Americana","styleURL":"https://americanamap.org/style.json","event":{"cameraMode":0}}
{"name":"onTileAction","time":"2026-02-04T18:54:25.857Z","styleName":"Americana","styleURL":"https://americanamap.org/style.json","event":{"action":"Cancelled","tileX":6,"tileY":5,"tileZ":4,"overscaledZ":4,"sourceID":"openmaptiles"}}
{"name":"onTileAction","time":"2026-02-04T18:54:25.857Z","styleName":"Americana","styleURL":"https://americanamap.org/style.json","event":{"action":"Cancelled","tileX":6,"tileY":4,"tileZ":4,"overscaledZ":4,"sourceID":"openmaptiles"}}
{"name":"onTileAction","time":"2026-02-04T18:54:25.857Z","styleName":"Americana","styleURL":"https://americanamap.org/style.json","event":{"action":"Cancelled","tileX":2,"tileY":4,"tileZ":4,"overscaledZ":4,"sourceID":"openmaptiles"}}
{"name":"onCameraWillChange","time":"2026-02-04T18:54:25.858Z","styleName":"Americana","styleURL":"https://americanamap.org/style.json","event":{"cameraMode":0}}
{"name":"onCameraDidChange","time":"2026-02-04T18:54:25.858Z","styleName":"Americana","styleURL":"https://americanamap.org/style.json","event":{"cameraMode":0}}
{"name":"onTileAction","time":"2026-02-04T18:54:25.860Z","styleName":"Americana","styleURL":"https://americanamap.org/style.json","event":{"action":"RequestedFromNetwork","tileX":0,"tileY":0,"tileZ":1,"overscaledZ":1,"sourceID":"openmaptiles"}}
{"name":"onTileAction","time":"2026-02-04T18:54:25.860Z","styleName":"Americana","styleURL":"https://americanamap.org/style.json","event":{"action":"RequestedFromCache","tileX":8,"tileY":13,"tileZ":5,"overscaledZ":5,"sourceID":"openmaptiles"}}
{"name":"onTileAction","time":"2026-02-04T18:54:25.860Z","styleName":"Americana","styleURL":"https://americanamap.org/style.json","event":{"action":"StartParse","tileX":8,"tileY":13,"tileZ":5,"overscaledZ":5,"sourceID":"openmaptiles"}}
{"name":"onTileAction","time":"2026-02-04T18:54:25.860Z","styleName":"Americana","styleURL":"https://americanamap.org/style.json","event":{"action":"RequestedFromCache","tileX":9,"tileY":13,"tileZ":5,"overscaledZ":5,"sourceID":"openmaptiles"}}
{"name":"onTileAction","time":"2026-02-04T18:54:25.860Z","styleName":"Americana","styleURL":"https://americanamap.org/style.json","event":{"action":"StartParse","tileX":9,"tileY":13,"tileZ":5,"overscaledZ":5,"sourceID":"openmaptiles"}}
{"name":"onTileAction","time":"2026-02-04T18:54:25.860Z","styleName":"Americana","styleURL":"https://americanamap.org/style.json","event":{"action":"RequestedFromCache","tileX":8,"tileY":14,"tileZ":5,"overscaledZ":5,"sourceID":"openmaptiles"}}
{"name":"onTileAction","time":"2026-02-04T18:54:25.860Z","styleName":"Americana","styleURL":"https://americanamap.org/style.json","event":{"action":"StartParse","tileX":8,"tileY":14,"tileZ":5,"overscaledZ":5,"sourceID":"openmaptiles"}}
{"name":"onTileAction","time":"2026-02-04T18:54:25.860Z","styleName":"Americana","styleURL":"https://americanamap.org/style.json","event":{"action":"RequestedFromCache","tileX":9,"tileY":14,"tileZ":5,"overscaledZ":5,"sourceID":"openmaptiles"}}
{"name":"onTileAction","time":"2026-02-04T18:54:25.860Z","styleName":"Americana","styleURL":"https://americanamap.org/style.json","event":{"action":"StartParse","tileX":9,"tileY":14,"tileZ":5,"overscaledZ":5,"sourceID":"openmaptiles"}}
{"name":"onTileAction","time":"2026-02-04T18:54:25.860Z","styleName":"Americana","styleURL":"https://americanamap.org/style.json","event":{"action":"RequestedFromCache","tileX":8,"tileY":12,"tileZ":5,"overscaledZ":5,"sourceID":"openmaptiles"}}
{"name":"onTileAction","time":"2026-02-04T18:54:25.860Z","styleName":"Americana","styleURL":"https://americanamap.org/style.json","event":{"action":"StartParse","tileX":8,"tileY":12,"tileZ":5,"overscaledZ":5,"sourceID":"openmaptiles"}}
{"name":"onTileAction","time":"2026-02-04T18:54:25.860Z","styleName":"Americana","styleURL":"https://americanamap.org/style.json","event":{"action":"RequestedFromCache","tileX":7,"tileY":13,"tileZ":5,"overscaledZ":5,"sourceID":"openmaptiles"}}
{"name":"onTileAction","time":"2026-02-04T18:54:25.860Z","styleName":"Americana","styleURL":"https://americanamap.org/style.json","event":{"action":"StartParse","tileX":7,"tileY":13,"tileZ":5,"overscaledZ":5,"sourceID":"openmaptiles"}}
{"name":"onTileAction","time":"2026-02-04T18:54:25.860Z","styleName":"Americana","styleURL":"https://americanamap.org/style.json","event":{"action":"RequestedFromCache","tileX":9,"tileY":12,"tileZ":5,"overscaledZ":5,"sourceID":"openmaptiles"}}
{"name":"onTileAction","time":"2026-02-04T18:54:25.860Z","styleName":"Americana","styleURL":"https://americanamap.org/style.json","event":{"action":"StartParse","tileX":9,"tileY":12,"tileZ":5,"overscaledZ":5,"sourceID":"openmaptiles"}}
{"name":"onTileAction","time":"2026-02-04T18:54:25.860Z","styleName":"Americana","styleURL":"https://americanamap.org/style.json","event":{"action":"RequestedFromCache","tileX":7,"tileY":12,"tileZ":5,"overscaledZ":5,"sourceID":"openmaptiles"}}
{"name":"onTileAction","time":"2026-02-04T18:54:25.860Z","styleName":"Americana","styleURL":"https://americanamap.org/style.json","event":{"action":"StartParse","tileX":7,"tileY":12,"tileZ":5,"overscaledZ":5,"sourceID":"openmaptiles"}}
{"name":"onTileAction","time":"2026-02-04T18:54:25.861Z","styleName":"Americana","styleURL":"https://americanamap.org/style.json","event":{"action":"RequestedFromCache","tileX":10,"tileY":12,"tileZ":5,"overscaledZ":5,"sourceID":"openmaptiles"}}
{"name":"onTileAction","time":"2026-02-04T18:54:25.861Z","styleName":"Americana","styleURL":"https://americanamap.org/style.json","event":{"action":"StartParse","tileX":10,"tileY":12,"tileZ":5,"overscaledZ":5,"sourceID":"openmaptiles"}}
{"name":"onTileAction","time":"2026-02-04T18:54:25.861Z","styleName":"Americana","styleURL":"https://americanamap.org/style.json","event":{"action":"RequestedFromCache","tileX":8,"tileY":11,"tileZ":5,"overscaledZ":5,"sourceID":"openmaptiles"}}
{"name":"onTileAction","time":"2026-02-04T18:54:25.861Z","styleName":"Americana","styleURL":"https://americanamap.org/style.json","event":{"action":"StartParse","tileX":8,"tileY":11,"tileZ":5,"overscaledZ":5,"sourceID":"openmaptiles"}}
{"name":"onTileAction","time":"2026-02-04T18:54:25.861Z","styleName":"Americana","styleURL":"https://americanamap.org/style.json","event":{"action":"RequestedFromCache","tileX":9,"tileY":11,"tileZ":5,"overscaledZ":5,"sourceID":"openmaptiles"}}
{"name":"onTileAction","time":"2026-02-04T18:54:25.861Z","styleName":"Americana","styleURL":"https://americanamap.org/style.json","event":{"action":"StartParse","tileX":9,"tileY":11,"tileZ":5,"overscaledZ":5,"sourceID":"openmaptiles"}}
{"name":"onTileAction","time":"2026-02-04T18:54:25.861Z","styleName":"Americana","styleURL":"https://americanamap.org/style.json","event":{"action":"RequestedFromCache","tileX":7,"tileY":11,"tileZ":5,"overscaledZ":5,"sourceID":"openmaptiles"}}
{"name":"onTileAction","time":"2026-02-04T18:54:25.861Z","styleName":"Americana","styleURL":"https://americanamap.org/style.json","event":{"action":"StartParse","tileX":7,"tileY":11,"tileZ":5,"overscaledZ":5,"sourceID":"openmaptiles"}}
{"name":"onTileAction","time":"2026-02-04T18:54:25.861Z","styleName":"Americana","styleURL":"https://americanamap.org/style.json","event":{"action":"RequestedFromCache","tileX":10,"tileY":11,"tileZ":5,"overscaledZ":5,"sourceID":"openmaptiles"}}
{"name":"onTileAction","time":"2026-02-04T18:54:25.861Z","styleName":"Americana","styleURL":"https://americanamap.org/style.json","event":{"action":"StartParse","tileX":10,"tileY":11,"tileZ":5,"overscaledZ":5,"sourceID":"openmaptiles"}}
{"name":"onTileAction","time":"2026-02-04T18:54:25.861Z","styleName":"Americana","styleURL":"https://americanamap.org/style.json","event":{"action":"RequestedFromCache","tileX":6,"tileY":11,"tileZ":5,"overscaledZ":5,"sourceID":"openmaptiles"}}
{"name":"onTileAction","time":"2026-02-04T18:54:25.861Z","styleName":"Americana","styleURL":"https://americanamap.org/style.json","event":{"action":"StartParse","tileX":6,"tileY":11,"tileZ":5,"overscaledZ":5,"sourceID":"openmaptiles"}}
{"name":"onTileAction","time":"2026-02-04T18:54:25.861Z","styleName":"Americana","styleURL":"https://americanamap.org/style.json","event":{"action":"RequestedFromCache","tileX":8,"tileY":10,"tileZ":5,"overscaledZ":5,"sourceID":"openmaptiles"}}
{"name":"onTileAction","time":"2026-02-04T18:54:25.861Z","styleName":"Americana","styleURL":"https://americanamap.org/style.json","event":{"action":"StartParse","tileX":8,"tileY":10,"tileZ":5,"overscaledZ":5,"sourceID":"openmaptiles"}}
{"name":"onTileAction","time":"2026-02-04T18:54:25.861Z","styleName":"Americana","styleURL":"https://americanamap.org/style.json","event":{"action":"RequestedFromCache","tileX":9,"tileY":10,"tileZ":5,"overscaledZ":5,"sourceID":"openmaptiles"}}
{"name":"onTileAction","time":"2026-02-04T18:54:25.861Z","styleName":"Americana","styleURL":"https://americanamap.org/style.json","event":{"action":"StartParse","tileX":9,"tileY":10,"tileZ":5,"overscaledZ":5,"sourceID":"openmaptiles"}}
{"name":"onTileAction","time":"2026-02-04T18:54:25.862Z","styleName":"Americana","styleURL":"https://americanamap.org/style.json","event":{"action":"RequestedFromCache","tileX":7,"tileY":10,"tileZ":5,"overscaledZ":5,"sourceID":"openmaptiles"}}
{"name":"onTileAction","time":"2026-02-04T18:54:25.862Z","styleName":"Americana","styleURL":"https://americanamap.org/style.json","event":{"action":"StartParse","tileX":7,"tileY":10,"tileZ":5,"overscaledZ":5,"sourceID":"openmaptiles"}}
{"name":"onTileAction","time":"2026-02-04T18:54:25.862Z","styleName":"Americana","styleURL":"https://americanamap.org/style.json","event":{"action":"RequestedFromCache","tileX":10,"tileY":10,"tileZ":5,"overscaledZ":5,"sourceID":"openmaptiles"}}
{"name":"onTileAction","time":"2026-02-04T18:54:25.862Z","styleName":"Americana","styleURL":"https://americanamap.org/style.json","event":{"action":"StartParse","tileX":10,"tileY":10,"tileZ":5,"overscaledZ":5,"sourceID":"openmaptiles"}}
{"name":"onTileAction","time":"2026-02-04T18:54:25.862Z","styleName":"Americana","styleURL":"https://americanamap.org/style.json","event":{"action":"RequestedFromCache","tileX":6,"tileY":10,"tileZ":5,"overscaledZ":5,"sourceID":"openmaptiles"}}
{"name":"onTileAction","time":"2026-02-04T18:54:25.862Z","styleName":"Americana","styleURL":"https://americanamap.org/style.json","event":{"action":"StartParse","tileX":6,"tileY":10,"tileZ":5,"overscaledZ":5,"sourceID":"openmaptiles"}}
{"name":"onTileAction","time":"2026-02-04T18:54:25.863Z","styleName":"Americana","styleURL":"https://americanamap.org/style.json","event":{"action":"Cancelled","tileX":5,"tileY":7,"tileZ":4,"overscaledZ":4,"sourceID":"openmaptiles"}}
{"name":"onTileAction","time":"2026-02-04T18:54:25.863Z","styleName":"Americana","styleURL":"https://americanamap.org/style.json","event":{"action":"Cancelled","tileX":3,"tileY":7,"tileZ":4,"overscaledZ":4,"sourceID":"openmaptiles"}}
{"name":"onTileAction","time":"2026-02-04T18:54:25.863Z","styleName":"Americana","styleURL":"https://americanamap.org/style.json","event":{"action":"StartParse","tileX":8,"tileY":13,"tileZ":5,"overscaledZ":5,"sourceID":"org.maplibre.annotations"}}
{"name":"onTileAction","time":"2026-02-04T18:54:25.863Z","styleName":"Americana","styleURL":"https://americanamap.org/style.json","event":{"action":"StartParse","tileX":9,"tileY":13,"tileZ":5,"overscaledZ":5,"sourceID":"org.maplibre.annotations"}}
{"name":"onTileAction","time":"2026-02-04T18:54:25.863Z","styleName":"Americana","styleURL":"https://americanamap.org/style.json","event":{"action":"StartParse","tileX":8,"tileY":14,"tileZ":5,"overscaledZ":5,"sourceID":"org.maplibre.annotations"}}
{"name":"onTileAction","time":"2026-02-04T18:54:25.863Z","styleName":"Americana","styleURL":"https://americanamap.org/style.json","event":{"action":"StartParse","tileX":9,"tileY":14,"tileZ":5,"overscaledZ":5,"sourceID":"org.maplibre.annotations"}}
{"name":"onTileAction","time":"2026-02-04T18:54:25.864Z","styleName":"Americana","styleURL":"https://americanamap.org/style.json","event":{"action":"StartParse","tileX":8,"tileY":12,"tileZ":5,"overscaledZ":5,"sourceID":"org.maplibre.annotations"}}
{"name":"onTileAction","time":"2026-02-04T18:54:25.864Z","styleName":"Americana","styleURL":"https://americanamap.org/style.json","event":{"action":"StartParse","tileX":7,"tileY":13,"tileZ":5,"overscaledZ":5,"sourceID":"org.maplibre.annotations"}}
{"name":"onTileAction","time":"2026-02-04T18:54:25.864Z","styleName":"Americana","styleURL":"https://americanamap.org/style.json","event":{"action":"StartParse","tileX":9,"tileY":12,"tileZ":5,"overscaledZ":5,"sourceID":"org.maplibre.annotations"}}
{"name":"onTileAction","time":"2026-02-04T18:54:25.864Z","styleName":"Americana","styleURL":"https://americanamap.org/style.json","event":{"action":"StartParse","tileX":7,"tileY":12,"tileZ":5,"overscaledZ":5,"sourceID":"org.maplibre.annotations"}}
{"name":"onTileAction","time":"2026-02-04T18:54:25.864Z","styleName":"Americana","styleURL":"https://americanamap.org/style.json","event":{"action":"StartParse","tileX":10,"tileY":12,"tileZ":5,"overscaledZ":5,"sourceID":"org.maplibre.annotations"}}
{"name":"onTileAction","time":"2026-02-04T18:54:25.864Z","styleName":"Americana","styleURL":"https://americanamap.org/style.json","event":{"action":"StartParse","tileX":8,"tileY":11,"tileZ":5,"overscaledZ":5,"sourceID":"org.maplibre.annotations"}}
{"name":"onTileAction","time":"2026-02-04T18:54:25.865Z","styleName":"Americana","styleURL":"https://americanamap.org/style.json","event":{"action":"StartParse","tileX":9,"tileY":11,"tileZ":5,"overscaledZ":5,"sourceID":"org.maplibre.annotations"}}
{"name":"onTileAction","time":"2026-02-04T18:54:25.865Z","styleName":"Americana","styleURL":"https://americanamap.org/style.json","event":{"action":"StartParse","tileX":7,"tileY":11,"tileZ":5,"overscaledZ":5,"sourceID":"org.maplibre.annotations"}}
{"name":"onTileAction","time":"2026-02-04T18:54:25.865Z","styleName":"Americana","styleURL":"https://americanamap.org/style.json","event":{"action":"StartParse","tileX":10,"tileY":11,"tileZ":5,"overscaledZ":5,"sourceID":"org.maplibre.annotations"}}
{"name":"onTileAction","time":"2026-02-04T18:54:25.865Z","styleName":"Americana","styleURL":"https://americanamap.org/style.json","event":{"action":"StartParse","tileX":6,"tileY":11,"tileZ":5,"overscaledZ":5,"sourceID":"org.maplibre.annotations"}}
{"name":"onTileAction","time":"2026-02-04T18:54:25.865Z","styleName":"Americana","styleURL":"https://americanamap.org/style.json","event":{"action":"StartParse","tileX":8,"tileY":10,"tileZ":5,"overscaledZ":5,"sourceID":"org.maplibre.annotations"}}
{"name":"onTileAction","time":"2026-02-04T18:54:25.865Z","styleName":"Americana","styleURL":"https://americanamap.org/style.json","event":{"action":"StartParse","tileX":9,"tileY":10,"tileZ":5,"overscaledZ":5,"sourceID":"org.maplibre.annotations"}}
{"name":"onTileAction","time":"2026-02-04T18:54:25.866Z","styleName":"Americana","styleURL":"https://americanamap.org/style.json","event":{"action":"StartParse","tileX":7,"tileY":10,"tileZ":5,"overscaledZ":5,"sourceID":"org.maplibre.annotations"}}
{"name":"onTileAction","time":"2026-02-04T18:54:25.866Z","styleName":"Americana","styleURL":"https://americanamap.org/style.json","event":{"action":"StartParse","tileX":10,"tileY":10,"tileZ":5,"overscaledZ":5,"sourceID":"org.maplibre.annotations"}}
{"name":"onTileAction","time":"2026-02-04T18:54:25.866Z","styleName":"Americana","styleURL":"https://americanamap.org/style.json","event":{"action":"StartParse","tileX":6,"tileY":10,"tileZ":5,"overscaledZ":5,"sourceID":"org.maplibre.annotations"}}
{"name":"onTileAction","time":"2026-02-04T18:54:25.878Z","styleName":"Americana","styleURL":"https://americanamap.org/style.json","event":{"action":"RequestedFromNetwork","tileX":8,"tileY":13,"tileZ":5,"overscaledZ":5,"sourceID":"openmaptiles"}}
{"name":"onTileAction","time":"2026-02-04T18:54:25.878Z","styleName":"Americana","styleURL":"https://americanamap.org/style.json","event":{"action":"RequestedFromNetwork","tileX":9,"tileY":13,"tileZ":5,"overscaledZ":5,"sourceID":"openmaptiles"}}
{"name":"onTileAction","time":"2026-02-04T18:54:25.878Z","styleName":"Americana","styleURL":"https://americanamap.org/style.json","event":{"action":"RequestedFromNetwork","tileX":8,"tileY":14,"tileZ":5,"overscaledZ":5,"sourceID":"openmaptiles"}}
{"name":"onTileAction","time":"2026-02-04T18:54:25.878Z","styleName":"Americana","styleURL":"https://americanamap.org/style.json","event":{"action":"RequestedFromNetwork","tileX":9,"tileY":14,"tileZ":5,"overscaledZ":5,"sourceID":"openmaptiles"}}
{"name":"onTileAction","time":"2026-02-04T18:54:25.878Z","styleName":"Americana","styleURL":"https://americanamap.org/style.json","event":{"action":"EndParse","tileX":8,"tileY":13,"tileZ":5,"overscaledZ":5,"sourceID":"org.maplibre.annotations"}}
{"name":"onTileAction","time":"2026-02-04T18:54:25.878Z","styleName":"Americana","styleURL":"https://americanamap.org/style.json","event":{"action":"EndParse","tileX":9,"tileY":13,"tileZ":5,"overscaledZ":5,"sourceID":"org.maplibre.annotations"}}
{"name":"onTileAction","time":"2026-02-04T18:54:25.878Z","styleName":"Americana","styleURL":"https://americanamap.org/style.json","event":{"action":"EndParse","tileX":8,"tileY":14,"tileZ":5,"overscaledZ":5,"sourceID":"org.maplibre.annotations"}}
{"name":"onTileAction","time":"2026-02-04T18:54:25.878Z","styleName":"Americana","styleURL":"https://americanamap.org/style.json","event":{"action":"EndParse","tileX":9,"tileY":14,"tileZ":5,"overscaledZ":5,"sourceID":"org.maplibre.annotations"}}
{"name":"onTileAction","time":"2026-02-04T18:54:25.878Z","styleName":"Americana","styleURL":"https://americanamap.org/style.json","event":{"action":"EndParse","tileX":8,"tileY":12,"tileZ":5,"overscaledZ":5,"sourceID":"org.maplibre.annotations"}}
{"name":"onTileAction","time":"2026-02-04T18:54:25.878Z","styleName":"Americana","styleURL":"https://americanamap.org/style.json","event":{"action":"EndParse","tileX":7,"tileY":13,"tileZ":5,"overscaledZ":5,"sourceID":"org.maplibre.annotations"}}
{"name":"onTileAction","time":"2026-02-04T18:54:25.878Z","styleName":"Americana","styleURL":"https://americanamap.org/style.json","event":{"action":"EndParse","tileX":9,"tileY":12,"tileZ":5,"overscaledZ":5,"sourceID":"org.maplibre.annotations"}}
{"name":"onTileAction","time":"2026-02-04T18:54:25.878Z","styleName":"Americana","styleURL":"https://americanamap.org/style.json","event":{"action":"EndParse","tileX":7,"tileY":12,"tileZ":5,"overscaledZ":5,"sourceID":"org.maplibre.annotations"}}
{"name":"onTileAction","time":"2026-02-04T18:54:25.878Z","styleName":"Americana","styleURL":"https://americanamap.org/style.json","event":{"action":"EndParse","tileX":10,"tileY":12,"tileZ":5,"overscaledZ":5,"sourceID":"org.maplibre.annotations"}}
{"name":"onTileAction","time":"2026-02-04T18:54:25.878Z","styleName":"Americana","styleURL":"https://americanamap.org/style.json","event":{"action":"LoadFromCache","tileX":8,"tileY":12,"tileZ":5,"overscaledZ":5,"sourceID":"openmaptiles"}}
{"name":"onTileAction","time":"2026-02-04T18:54:25.878Z","styleName":"Americana","styleURL":"https://americanamap.org/style.json","event":{"action":"RequestedFromNetwork","tileX":8,"tileY":12,"tileZ":5,"overscaledZ":5,"sourceID":"openmaptiles"}}
{"name":"onTileAction","time":"2026-02-04T18:54:25.878Z","styleName":"Americana","styleURL":"https://americanamap.org/style.json","event":{"action":"RequestedFromNetwork","tileX":7,"tileY":13,"tileZ":5,"overscaledZ":5,"sourceID":"openmaptiles"}}
{"name":"onTileAction","time":"2026-02-04T18:54:25.878Z","styleName":"Americana","styleURL":"https://americanamap.org/style.json","event":{"action":"EndParse","tileX":8,"tileY":11,"tileZ":5,"overscaledZ":5,"sourceID":"org.maplibre.annotations"}}
{"name":"onTileAction","time":"2026-02-04T18:54:25.878Z","styleName":"Americana","styleURL":"https://americanamap.org/style.json","event":{"action":"EndParse","tileX":9,"tileY":11,"tileZ":5,"overscaledZ":5,"sourceID":"org.maplibre.annotations"}}
{"name":"onTileAction","time":"2026-02-04T18:54:25.878Z","styleName":"Americana","styleURL":"https://americanamap.org/style.json","event":{"action":"EndParse","tileX":7,"tileY":11,"tileZ":5,"overscaledZ":5,"sourceID":"org.maplibre.annotations"}}
{"name":"onTileAction","time":"2026-02-04T18:54:25.878Z","styleName":"Americana","styleURL":"https://americanamap.org/style.json","event":{"action":"EndParse","tileX":10,"tileY":11,"tileZ":5,"overscaledZ":5,"sourceID":"org.maplibre.annotations"}}
{"name":"onTileAction","time":"2026-02-04T18:54:25.878Z","styleName":"Americana","styleURL":"https://americanamap.org/style.json","event":{"action":"EndParse","tileX":6,"tileY":11,"tileZ":5,"overscaledZ":5,"sourceID":"org.maplibre.annotations"}}
{"name":"onTileAction","time":"2026-02-04T18:54:25.878Z","styleName":"Americana","styleURL":"https://americanamap.org/style.json","event":{"action":"EndParse","tileX":8,"tileY":10,"tileZ":5,"overscaledZ":5,"sourceID":"org.maplibre.annotations"}}
{"name":"onTileAction","time":"2026-02-04T18:54:25.878Z","styleName":"Americana","styleURL":"https://americanamap.org/style.json","event":{"action":"EndParse","tileX":9,"tileY":10,"tileZ":5,"overscaledZ":5,"sourceID":"org.maplibre.annotations"}}
{"name":"onTileAction","time":"2026-02-04T18:54:25.878Z","styleName":"Americana","styleURL":"https://americanamap.org/style.json","event":{"action":"EndParse","tileX":7,"tileY":10,"tileZ":5,"overscaledZ":5,"sourceID":"org.maplibre.annotations"}}
{"name":"onTileAction","time":"2026-02-04T18:54:25.878Z","styleName":"Americana","styleURL":"https://americanamap.org/style.json","event":{"action":"EndParse","tileX":10,"tileY":10,"tileZ":5,"overscaledZ":5,"sourceID":"org.maplibre.annotations"}}
{"name":"onTileAction","time":"2026-02-04T18:54:25.878Z","styleName":"Americana","styleURL":"https://americanamap.org/style.json","event":{"action":"EndParse","tileX":6,"tileY":10,"tileZ":5,"overscaledZ":5,"sourceID":"org.maplibre.annotations"}}
{"name":"onTileAction","time":"2026-02-04T18:54:25.878Z","styleName":"Americana","styleURL":"https://americanamap.org/style.json","event":{"action":"LoadFromCache","tileX":9,"tileY":12,"tileZ":5,"overscaledZ":5,"sourceID":"openmaptiles"}}
{"name":"onTileAction","time":"2026-02-04T18:54:25.878Z","styleName":"Americana","styleURL":"https://americanamap.org/style.json","event":{"action":"RequestedFromNetwork","tileX":9,"tileY":12,"tileZ":5,"overscaledZ":5,"sourceID":"openmaptiles"}}
{"name":"onTileAction","time":"2026-02-04T18:54:25.878Z","styleName":"Americana","styleURL":"https://americanamap.org/style.json","event":{"action":"RequestedFromNetwork","tileX":7,"tileY":12,"tileZ":5,"overscaledZ":5,"sourceID":"openmaptiles"}}
{"name":"onTileAction","time":"2026-02-04T18:54:25.878Z","styleName":"Americana","styleURL":"https://americanamap.org/style.json","event":{"action":"LoadFromCache","tileX":10,"tileY":12,"tileZ":5,"overscaledZ":5,"sourceID":"openmaptiles"}}
{"name":"onTileAction","time":"2026-02-04T18:54:25.878Z","styleName":"Americana","styleURL":"https://americanamap.org/style.json","event":{"action":"RequestedFromNetwork","tileX":10,"tileY":12,"tileZ":5,"overscaledZ":5,"sourceID":"openmaptiles"}}
{"name":"onTileAction","time":"2026-02-04T18:54:25.878Z","styleName":"Americana","styleURL":"https://americanamap.org/style.json","event":{"action":"RequestedFromNetwork","tileX":8,"tileY":11,"tileZ":5,"overscaledZ":5,"sourceID":"openmaptiles"}}
{"name":"onTileAction","time":"2026-02-04T18:54:25.878Z","styleName":"Americana","styleURL":"https://americanamap.org/style.json","event":{"action":"LoadFromCache","tileX":9,"tileY":11,"tileZ":5,"overscaledZ":5,"sourceID":"openmaptiles"}}
{"name":"onTileAction","time":"2026-02-04T18:54:25.878Z","styleName":"Americana","styleURL":"https://americanamap.org/style.json","event":{"action":"RequestedFromNetwork","tileX":9,"tileY":11,"tileZ":5,"overscaledZ":5,"sourceID":"openmaptiles"}}
{"name":"onTileAction","time":"2026-02-04T18:54:25.878Z","styleName":"Americana","styleURL":"https://americanamap.org/style.json","event":{"action":"RequestedFromNetwork","tileX":7,"tileY":11,"tileZ":5,"overscaledZ":5,"sourceID":"openmaptiles"}}
{"name":"onTileAction","time":"2026-02-04T18:54:25.878Z","styleName":"Americana","styleURL":"https://americanamap.org/style.json","event":{"action":"LoadFromCache","tileX":10,"tileY":11,"tileZ":5,"overscaledZ":5,"sourceID":"openmaptiles"}}
{"name":"onTileAction","time":"2026-02-04T18:54:25.878Z","styleName":"Americana","styleURL":"https://americanamap.org/style.json","event":{"action":"RequestedFromNetwork","tileX":10,"tileY":11,"tileZ":5,"overscaledZ":5,"sourceID":"openmaptiles"}}
{"name":"onTileAction","time":"2026-02-04T18:54:25.878Z","styleName":"Americana","styleURL":"https://americanamap.org/style.json","event":{"action":"LoadFromCache","tileX":6,"tileY":11,"tileZ":5,"overscaledZ":5,"sourceID":"openmaptiles"}}
{"name":"onTileAction","time":"2026-02-04T18:54:25.879Z","styleName":"Americana","styleURL":"https://americanamap.org/style.json","event":{"action":"RequestedFromNetwork","tileX":6,"tileY":11,"tileZ":5,"overscaledZ":5,"sourceID":"openmaptiles"}}
{"name":"onTileAction","time":"2026-02-04T18:54:25.879Z","styleName":"Americana","styleURL":"https://americanamap.org/style.json","event":{"action":"LoadFromCache","tileX":8,"tileY":10,"tileZ":5,"overscaledZ":5,"sourceID":"openmaptiles"}}
{"name":"onTileAction","time":"2026-02-04T18:54:25.879Z","styleName":"Americana","styleURL":"https://americanamap.org/style.json","event":{"action":"RequestedFromNetwork","tileX":8,"tileY":10,"tileZ":5,"overscaledZ":5,"sourceID":"openmaptiles"}}
{"name":"onTileAction","time":"2026-02-04T18:54:25.879Z","styleName":"Americana","styleURL":"https://americanamap.org/style.json","event":{"action":"LoadFromCache","tileX":9,"tileY":10,"tileZ":5,"overscaledZ":5,"sourceID":"openmaptiles"}}
{"name":"onTileAction","time":"2026-02-04T18:54:25.879Z","styleName":"Americana","styleURL":"https://americanamap.org/style.json","event":{"action":"RequestedFromNetwork","tileX":9,"tileY":10,"tileZ":5,"overscaledZ":5,"sourceID":"openmaptiles"}}
{"name":"onTileAction","time":"2026-02-04T18:54:25.879Z","styleName":"Americana","styleURL":"https://americanamap.org/style.json","event":{"action":"LoadFromCache","tileX":7,"tileY":10,"tileZ":5,"overscaledZ":5,"sourceID":"openmaptiles"}}
{"name":"onTileAction","time":"2026-02-04T18:54:25.879Z","styleName":"Americana","styleURL":"https://americanamap.org/style.json","event":{"action":"RequestedFromNetwork","tileX":7,"tileY":10,"tileZ":5,"overscaledZ":5,"sourceID":"openmaptiles"}}
{"name":"onTileAction","time":"2026-02-04T18:54:25.879Z","styleName":"Americana","styleURL":"https://americanamap.org/style.json","event":{"action":"LoadFromCache","tileX":10,"tileY":10,"tileZ":5,"overscaledZ":5,"sourceID":"openmaptiles"}}
{"name":"onTileAction","time":"2026-02-04T18:54:25.879Z","styleName":"Americana","styleURL":"https://americanamap.org/style.json","event":{"action":"RequestedFromNetwork","tileX":10,"tileY":10,"tileZ":5,"overscaledZ":5,"sourceID":"openmaptiles"}}
{"name":"onTileAction","time":"2026-02-04T18:54:25.879Z","styleName":"Americana","styleURL":"https://americanamap.org/style.json","event":{"action":"LoadFromCache","tileX":6,"tileY":10,"tileZ":5,"overscaledZ":5,"sourceID":"openmaptiles"}}
{"name":"onTileAction","time":"2026-02-04T18:54:25.879Z","styleName":"Americana","styleURL":"https://americanamap.org/style.json","event":{"action":"RequestedFromNetwork","tileX":6,"tileY":10,"tileZ":5,"overscaledZ":5,"sourceID":"openmaptiles"}}
{"name":"onTileAction","time":"2026-02-04T18:54:25.909Z","styleName":"Americana","styleURL":"https://americanamap.org/style.json","event":{"action":"LoadFromNetwork","tileX":8,"tileY":13,"tileZ":5,"overscaledZ":5,"sourceID":"openmaptiles"}}
{"name":"onTileAction","time":"2026-02-04T18:54:25.909Z","styleName":"Americana","styleURL":"https://americanamap.org/style.json","event":{"action":"LoadFromNetwork","tileX":9,"tileY":13,"tileZ":5,"overscaledZ":5,"sourceID":"openmaptiles"}}
{"name":"onTileAction","time":"2026-02-04T18:54:25.909Z","styleName":"Americana","styleURL":"https://americanamap.org/style.json","event":{"action":"LoadFromNetwork","tileX":7,"tileY":13,"tileZ":5,"overscaledZ":5,"sourceID":"openmaptiles"}}
{"name":"onGlyphsRequested","time":"2026-02-04T18:54:25.987Z","styleName":"Americana","styleURL":"https://americanamap.org/style.json","event":{"fonts":["Americana-Bold"],"rangeStart":8192,"rangeEnd":8447}}
{"name":"onGlyphsLoaded","time":"2026-02-04T18:54:26.004Z","styleName":"Americana","styleURL":"https://americanamap.org/style.json","event":{"fonts":["Americana-Bold"],"rangeStart":8192,"rangeEnd":8447}}
{"name":"onGlyphsRequested","time":"2026-02-04T18:54:26.037Z","styleName":"Americana","styleURL":"https://americanamap.org/style.json","event":{"fonts":["Americana-Bold"],"rangeStart":7424,"rangeEnd":7679}}
{"name":"onTileAction","time":"2026-02-04T18:54:26.037Z","styleName":"Americana","styleURL":"https://americanamap.org/style.json","event":{"action":"EndParse","tileX":4,"tileY":7,"tileZ":4,"overscaledZ":4,"sourceID":"openmaptiles"}}
{"name":"onTileAction","time":"2026-02-04T18:54:26.038Z","styleName":"Americana","styleURL":"https://americanamap.org/style.json","event":{"action":"EndParse","tileX":10,"tileY":12,"tileZ":5,"overscaledZ":5,"sourceID":"openmaptiles"}}
{"name":"onTileAction","time":"2026-02-04T18:54:26.038Z","styleName":"Americana","styleURL":"https://americanamap.org/style.json","event":{"action":"EndParse","tileX":8,"tileY":10,"tileZ":5,"overscaledZ":5,"sourceID":"openmaptiles"}}
{"name":"onTileAction","time":"2026-02-04T18:54:26.038Z","styleName":"Americana","styleURL":"https://americanamap.org/style.json","event":{"action":"EndParse","tileX":10,"tileY":11,"tileZ":5,"overscaledZ":5,"sourceID":"openmaptiles"}}
{"name":"onTileAction","time":"2026-02-04T18:54:26.038Z","styleName":"Americana","styleURL":"https://americanamap.org/style.json","event":{"action":"EndParse","tileX":9,"tileY":12,"tileZ":5,"overscaledZ":5,"sourceID":"openmaptiles"}}
{"name":"onTileAction","time":"2026-02-04T18:54:26.038Z","styleName":"Americana","styleURL":"https://americanamap.org/style.json","event":{"action":"EndParse","tileX":9,"tileY":10,"tileZ":5,"overscaledZ":5,"sourceID":"openmaptiles"}}
{"name":"onTileAction","time":"2026-02-04T18:54:26.068Z","styleName":"Americana","styleURL":"https://americanamap.org/style.json","event":{"action":"EndParse","tileX":8,"tileY":12,"tileZ":5,"overscaledZ":5,"sourceID":"openmaptiles"}}
{"name":"onGlyphsLoaded","time":"2026-02-04T18:54:26.068Z","styleName":"Americana","styleURL":"https://americanamap.org/style.json","event":{"fonts":["Americana-Bold"],"rangeStart":7424,"rangeEnd":7679}}
{"name":"onTileAction","time":"2026-02-04T18:54:26.068Z","styleName":"Americana","styleURL":"https://americanamap.org/style.json","event":{"action":"EndParse","tileX":9,"tileY":11,"tileZ":5,"overscaledZ":5,"sourceID":"openmaptiles"}}
{"name":"onTileAction","time":"2026-02-04T18:54:26.068Z","styleName":"Americana","styleURL":"https://americanamap.org/style.json","event":{"action":"EndParse","tileX":6,"tileY":11,"tileZ":5,"overscaledZ":5,"sourceID":"openmaptiles"}}
{"name":"onTileAction","time":"2026-02-04T18:54:26.068Z","styleName":"Americana","styleURL":"https://americanamap.org/style.json","event":{"action":"EndParse","tileX":7,"tileY":10,"tileZ":5,"overscaledZ":5,"sourceID":"openmaptiles"}}
{"name":"onTileAction","time":"2026-02-04T18:54:26.068Z","styleName":"Americana","styleURL":"https://americanamap.org/style.json","event":{"action":"EndParse","tileX":9,"tileY":13,"tileZ":5,"overscaledZ":5,"sourceID":"openmaptiles"}}
{"name":"onTileAction","time":"2026-02-04T18:54:26.068Z","styleName":"Americana","styleURL":"https://americanamap.org/style.json","event":{"action":"EndParse","tileX":6,"tileY":10,"tileZ":5,"overscaledZ":5,"sourceID":"openmaptiles"}}
{"name":"onTileAction","time":"2026-02-04T18:54:26.111Z","styleName":"Americana","styleURL":"https://americanamap.org/style.json","event":{"action":"EndParse","tileX":10,"tileY":10,"tileZ":5,"overscaledZ":5,"sourceID":"openmaptiles"}}
{"name":"onTileAction","time":"2026-02-04T18:54:26.111Z","styleName":"Americana","styleURL":"https://americanamap.org/style.json","event":{"action":"EndParse","tileX":8,"tileY":13,"tileZ":5,"overscaledZ":5,"sourceID":"openmaptiles"}}
{"name":"onTileAction","time":"2026-02-04T18:54:26.147Z","styleName":"Americana","styleURL":"https://americanamap.org/style.json","event":{"action":"EndParse","tileX":7,"tileY":13,"tileZ":5,"overscaledZ":5,"sourceID":"openmaptiles"}}
{"name":"onCameraWillChange","time":"2026-02-04T18:54:26.148Z","styleName":"Americana","styleURL":"https://americanamap.org/style.json","event":{"cameraMode":0}}
{"name":"onCameraDidChange","time":"2026-02-04T18:54:26.148Z","styleName":"Americana","styleURL":"https://americanamap.org/style.json","event":{"cameraMode":0}}
{"name":"onCameraWillChange","time":"2026-02-04T18:54:26.181Z","styleName":"Americana","styleURL":"https://americanamap.org/style.json","event":{"cameraMode":0}}
{"name":"onCameraDidChange","time":"2026-02-04T18:54:26.181Z","styleName":"Americana","styleURL":"https://americanamap.org/style.json","event":{"cameraMode":0}}
{"name":"onCameraWillChange","time":"2026-02-04T18:54:26.212Z","styleName":"Americana","styleURL":"https://americanamap.org/style.json","event":{"cameraMode":0}}
{"name":"onCameraDidChange","time":"2026-02-04T18:54:26.212Z","styleName":"Americana","styleURL":"https://americanamap.org/style.json","event":{"cameraMode":0}}
{"name":"onCameraWillChange","time":"2026-02-04T18:54:26.237Z","styleName":"Americana","styleURL":"https://americanamap.org/style.json","event":{"cameraMode":0}}
{"name":"onCameraDidChange","time":"2026-02-04T18:54:26.237Z","styleName":"Americana","styleURL":"https://americanamap.org/style.json","event":{"cameraMode":0}}
{"name":"onTileAction","time":"2026-02-04T18:54:26.239Z","styleName":"Americana","styleURL":"https://americanamap.org/style.json","event":{"action":"RequestedFromNetwork","tileX":1,"tileY":1,"tileZ":2,"overscaledZ":2,"sourceID":"openmaptiles"}}
{"name":"onTileAction","time":"2026-02-04T18:54:26.239Z","styleName":"Americana","styleURL":"https://americanamap.org/style.json","event":{"action":"RequestedFromCache","tileX":0,"tileY":1,"tileZ":2,"overscaledZ":2,"sourceID":"openmaptiles"}}
{"name":"onTileAction","time":"2026-02-04T18:54:26.239Z","styleName":"Americana","styleURL":"https://americanamap.org/style.json","event":{"action":"StartParse","tileX":0,"tileY":1,"tileZ":2,"overscaledZ":2,"sourceID":"openmaptiles"}}
{"name":"onTileAction","time":"2026-02-04T18:54:26.239Z","styleName":"Americana","styleURL":"https://americanamap.org/style.json","event":{"action":"RequestedFromCache","tileX":17,"tileY":27,"tileZ":6,"overscaledZ":6,"sourceID":"openmaptiles"}}
{"name":"onTileAction","time":"2026-02-04T18:54:26.239Z","styleName":"Americana","styleURL":"https://americanamap.org/style.json","event":{"action":"StartParse","tileX":17,"tileY":27,"tileZ":6,"overscaledZ":6,"sourceID":"openmaptiles"}}
{"name":"onTileAction","time":"2026-02-04T18:54:26.239Z","styleName":"Americana","styleURL":"https://americanamap.org/style.json","event":{"action":"RequestedFromCache","tileX":17,"tileY":26,"tileZ":6,"overscaledZ":6,"sourceID":"openmaptiles"}}
{"name":"onTileAction","time":"2026-02-04T18:54:26.239Z","styleName":"Americana","styleURL":"https://americanamap.org/style.json","event":{"action":"StartParse","tileX":17,"tileY":26,"tileZ":6,"overscaledZ":6,"sourceID":"openmaptiles"}}
{"name":"onTileAction","time":"2026-02-04T18:54:26.239Z","styleName":"Americana","styleURL":"https://americanamap.org/style.json","event":{"action":"RequestedFromCache","tileX":16,"tileY":27,"tileZ":6,"overscaledZ":6,"sourceID":"openmaptiles"}}
{"name":"onTileAction","time":"2026-02-04T18:54:26.239Z","styleName":"Americana","styleURL":"https://americanamap.org/style.json","event":{"action":"StartParse","tileX":16,"tileY":27,"tileZ":6,"overscaledZ":6,"sourceID":"openmaptiles"}}
{"name":"onTileAction","time":"2026-02-04T18:54:26.240Z","styleName":"Americana","styleURL":"https://americanamap.org/style.json","event":{"action":"RequestedFromCache","tileX":18,"tileY":27,"tileZ":6,"overscaledZ":6,"sourceID":"openmaptiles"}}
{"name":"onTileAction","time":"2026-02-04T18:54:26.240Z","styleName":"Americana","styleURL":"https://americanamap.org/style.json","event":{"action":"StartParse","tileX":18,"tileY":27,"tileZ":6,"overscaledZ":6,"sourceID":"openmaptiles"}}
{"name":"onTileAction","time":"2026-02-04T18:54:26.240Z","styleName":"Americana","styleURL":"https://americanamap.org/style.json","event":{"action":"RequestedFromCache","tileX":17,"tileY":28,"tileZ":6,"overscaledZ":6,"sourceID":"openmaptiles"}}
{"name":"onTileAction","time":"2026-02-04T18:54:26.240Z","styleName":"Americana","styleURL":"https://americanamap.org/style.json","event":{"action":"StartParse","tileX":17,"tileY":28,"tileZ":6,"overscaledZ":6,"sourceID":"openmaptiles"}}
{"name":"onTileAction","time":"2026-02-04T18:54:26.240Z","styleName":"Americana","styleURL":"https://americanamap.org/style.json","event":{"action":"RequestedFromCache","tileX":16,"tileY":26,"tileZ":6,"overscaledZ":6,"sourceID":"openmaptiles"}}
{"name":"onTileAction","time":"2026-02-04T18:54:26.240Z","styleName":"Americana","styleURL":"https://americanamap.org/style.json","event":{"action":"StartParse","tileX":16,"tileY":26,"tileZ":6,"overscaledZ":6,"sourceID":"openmaptiles"}}
{"name":"onTileAction","time":"2026-02-04T18:54:26.240Z","styleName":"Americana","styleURL":"https://americanamap.org/style.json","event":{"action":"RequestedFromCache","tileX":18,"tileY":26,"tileZ":6,"overscaledZ":6,"sourceID":"openmaptiles"}}
{"name":"onTileAction","time":"2026-02-04T18:54:26.240Z","styleName":"Americana","styleURL":"https://americanamap.org/style.json","event":{"action":"StartParse","tileX":18,"tileY":26,"tileZ":6,"overscaledZ":6,"sourceID":"openmaptiles"}}
{"name":"onTileAction","time":"2026-02-04T18:54:26.240Z","styleName":"Americana","styleURL":"https://americanamap.org/style.json","event":{"action":"RequestedFromCache","tileX":16,"tileY":28,"tileZ":6,"overscaledZ":6,"sourceID":"openmaptiles"}}
{"name":"onTileAction","time":"2026-02-04T18:54:26.240Z","styleName":"Americana","styleURL":"https://americanamap.org/style.json","event":{"action":"StartParse","tileX":16,"tileY":28,"tileZ":6,"overscaledZ":6,"sourceID":"openmaptiles"}}
{"name":"onTileAction","time":"2026-02-04T18:54:26.240Z","styleName":"Americana","styleURL":"https://americanamap.org/style.json","event":{"action":"RequestedFromCache","tileX":17,"tileY":25,"tileZ":6,"overscaledZ":6,"sourceID":"openmaptiles"}}
{"name":"onTileAction","time":"2026-02-04T18:54:26.240Z","styleName":"Americana","styleURL":"https://americanamap.org/style.json","event":{"action":"StartParse","tileX":17,"tileY":25,"tileZ":6,"overscaledZ":6,"sourceID":"openmaptiles"}}
{"name":"onTileAction","time":"2026-02-04T18:54:26.240Z","styleName":"Americana","styleURL":"https://americanamap.org/style.json","event":{"action":"RequestedFromCache","tileX":16,"tileY":25,"tileZ":6,"overscaledZ":6,"sourceID":"openmaptiles"}}
{"name":"onTileAction","time":"2026-02-04T18:54:26.240Z","styleName":"Americana","styleURL":"https://americanamap.org/style.json","event":{"action":"StartParse","tileX":16,"tileY":25,"tileZ":6,"overscaledZ":6,"sourceID":"openmaptiles"}}
{"name":"onTileAction","time":"2026-02-04T18:54:26.240Z","styleName":"Americana","styleURL":"https://americanamap.org/style.json","event":{"action":"RequestedFromCache","tileX":18,"tileY":25,"tileZ":6,"overscaledZ":6,"sourceID":"openmaptiles"}}
{"name":"onTileAction","time":"2026-02-04T18:54:26.240Z","styleName":"Americana","styleURL":"https://americanamap.org/style.json","event":{"action":"StartParse","tileX":18,"tileY":25,"tileZ":6,"overscaledZ":6,"sourceID":"openmaptiles"}}
{"name":"onTileAction","time":"2026-02-04T18:54:26.241Z","styleName":"Americana","styleURL":"https://americanamap.org/style.json","event":{"action":"RequestedFromCache","tileX":15,"tileY":25,"tileZ":6,"overscaledZ":6,"sourceID":"openmaptiles"}}
{"name":"onTileAction","time":"2026-02-04T18:54:26.241Z","styleName":"Americana","styleURL":"https://americanamap.org/style.json","event":{"action":"StartParse","tileX":15,"tileY":25,"tileZ":6,"overscaledZ":6,"sourceID":"openmaptiles"}}
{"name":"onTileAction","time":"2026-02-04T18:54:26.241Z","styleName":"Americana","styleURL":"https://americanamap.org/style.json","event":{"action":"RequestedFromCache","tileX":19,"tileY":25,"tileZ":6,"overscaledZ":6,"sourceID":"openmaptiles"}}
{"name":"onTileAction","time":"2026-02-04T18:54:26.241Z","styleName":"Americana","styleURL":"https://americanamap.org/style.json","event":{"action":"StartParse","tileX":19,"tileY":25,"tileZ":6,"overscaledZ":6,"sourceID":"openmaptiles"}}
{"name":"onTileAction","time":"2026-02-04T18:54:26.241Z","styleName":"Americana","styleURL":"https://americanamap.org/style.json","event":{"action":"RequestedFromCache","tileX":17,"tileY":24,"tileZ":6,"overscaledZ":6,"sourceID":"openmaptiles"}}
{"name":"onTileAction","time":"2026-02-04T18:54:26.241Z","styleName":"Americana","styleURL":"https://americanamap.org/style.json","event":{"action":"StartParse","tileX":17,"tileY":24,"tileZ":6,"overscaledZ":6,"sourceID":"openmaptiles"}}
{"name":"onTileAction","time":"2026-02-04T18:54:26.241Z","styleName":"Americana","styleURL":"https://americanamap.org/style.json","event":{"action":"RequestedFromCache","tileX":16,"tileY":24,"tileZ":6,"overscaledZ":6,"sourceID":"openmaptiles"}}
{"name":"onTileAction","time":"2026-02-04T18:54:26.241Z","styleName":"Americana","styleURL":"https://americanamap.org/style.json","event":{"action":"StartParse","tileX":16,"tileY":24,"tileZ":6,"overscaledZ":6,"sourceID":"openmaptiles"}}
{"name":"onTileAction","time":"2026-02-04T18:54:26.241Z","styleName":"Americana","styleURL":"https://americanamap.org/style.json","event":{"action":"RequestedFromCache","tileX":18,"tileY":24,"tileZ":6,"overscaledZ":6,"sourceID":"openmaptiles"}}
{"name":"onTileAction","time":"2026-02-04T18:54:26.241Z","styleName":"Americana","styleURL":"https://americanamap.org/style.json","event":{"action":"StartParse","tileX":18,"tileY":24,"tileZ":6,"overscaledZ":6,"sourceID":"openmaptiles"}}
{"name":"onTileAction","time":"2026-02-04T18:54:26.241Z","styleName":"Americana","styleURL":"https://americanamap.org/style.json","event":{"action":"RequestedFromCache","tileX":15,"tileY":24,"tileZ":6,"overscaledZ":6,"sourceID":"openmaptiles"}}
{"name":"onTileAction","time":"2026-02-04T18:54:26.241Z","styleName":"Americana","styleURL":"https://americanamap.org/style.json","event":{"action":"StartParse","tileX":15,"tileY":24,"tileZ":6,"overscaledZ":6,"sourceID":"openmaptiles"}}
{"name":"onTileAction","time":"2026-02-04T18:54:26.241Z","styleName":"Americana","styleURL":"https://americanamap.org/style.json","event":{"action":"RequestedFromCache","tileX":19,"tileY":24,"tileZ":6,"overscaledZ":6,"sourceID":"openmaptiles"}}
{"name":"onTileAction","time":"2026-02-04T18:54:26.241Z","styleName":"Americana","styleURL":"https://americanamap.org/style.json","event":{"action":"StartParse","tileX":19,"tileY":24,"tileZ":6,"overscaledZ":6,"sourceID":"openmaptiles"}}
{"name":"onTileAction","time":"2026-02-04T18:54:26.242Z","styleName":"Americana","styleURL":"https://americanamap.org/style.json","event":{"action":"Cancelled","tileX":9,"tileY":14,"tileZ":5,"overscaledZ":5,"sourceID":"openmaptiles"}}
{"name":"onTileAction","time":"2026-02-04T18:54:26.242Z","styleName":"Americana","styleURL":"https://americanamap.org/style.json","event":{"action":"Cancelled","tileX":8,"tileY":11,"tileZ":5,"overscaledZ":5,"sourceID":"openmaptiles"}}
{"name":"onTileAction","time":"2026-02-04T18:54:26.242Z","styleName":"Americana","styleURL":"https://americanamap.org/style.json","event":{"action":"Cancelled","tileX":7,"tileY":11,"tileZ":5,"overscaledZ":5,"sourceID":"openmaptiles"}}
{"name":"onTileAction","time":"2026-02-04T18:54:26.242Z","styleName":"Americana","styleURL":"https://americanamap.org/style.json","event":{"action":"StartParse","tileX":17,"tileY":27,"tileZ":6,"overscaledZ":6,"sourceID":"org.maplibre.annotations"}}
{"name":"onTileAction","time":"2026-02-04T18:54:26.243Z","styleName":"Americana","styleURL":"https://americanamap.org/style.json","event":{"action":"StartParse","tileX":17,"tileY":26,"tileZ":6,"overscaledZ":6,"sourceID":"org.maplibre.annotations"}}
{"name":"onTileAction","time":"2026-02-04T18:54:26.243Z","styleName":"Americana","styleURL":"https://americanamap.org/style.json","event":{"action":"StartParse","tileX":16,"tileY":27,"tileZ":6,"overscaledZ":6,"sourceID":"org.maplibre.annotations"}}
{"name":"onTileAction","time":"2026-02-04T18:54:26.243Z","styleName":"Americana","styleURL":"https://americanamap.org/style.json","event":{"action":"StartParse","tileX":18,"tileY":27,"tileZ":6,"overscaledZ":6,"sourceID":"org.maplibre.annotations"}}
{"name":"onTileAction","time":"2026-02-04T18:54:26.243Z","styleName":"Americana","styleURL":"https://americanamap.org/style.json","event":{"action":"StartParse","tileX":17,"tileY":28,"tileZ":6,"overscaledZ":6,"sourceID":"org.maplibre.annotations"}}
{"name":"onTileAction","time":"2026-02-04T18:54:26.243Z","styleName":"Americana","styleURL":"https://americanamap.org/style.json","event":{"action":"StartParse","tileX":16,"tileY":26,"tileZ":6,"overscaledZ":6,"sourceID":"org.maplibre.annotations"}}
{"name":"onTileAction","time":"2026-02-04T18:54:26.243Z","styleName":"Americana","styleURL":"https://americanamap.org/style.json","event":{"action":"StartParse","tileX":18,"tileY":26,"tileZ":6,"overscaledZ":6,"sourceID":"org.maplibre.annotations"}}
{"name":"onTileAction","time":"2026-02-04T18:54:26.244Z","styleName":"Americana","styleURL":"https://americanamap.org/style.json","event":{"action":"StartParse","tileX":16,"tileY":28,"tileZ":6,"overscaledZ":6,"sourceID":"org.maplibre.annotations"}}
{"name":"onTileAction","time":"2026-02-04T18:54:26.244Z","styleName":"Americana","styleURL":"https://americanamap.org/style.json","event":{"action":"StartParse","tileX":17,"tileY":25,"tileZ":6,"overscaledZ":6,"sourceID":"org.maplibre.annotations"}}
{"name":"onTileAction","time":"2026-02-04T18:54:26.244Z","styleName":"Americana","styleURL":"https://americanamap.org/style.json","event":{"action":"StartParse","tileX":16,"tileY":25,"tileZ":6,"overscaledZ":6,"sourceID":"org.maplibre.annotations"}}
{"name":"onTileAction","time":"2026-02-04T18:54:26.244Z","styleName":"Americana","styleURL":"https://americanamap.org/style.json","event":{"action":"StartParse","tileX":18,"tileY":25,"tileZ":6,"overscaledZ":6,"sourceID":"org.maplibre.annotations"}}
{"name":"onTileAction","time":"2026-02-04T18:54:26.244Z","styleName":"Americana","styleURL":"https://americanamap.org/style.json","event":{"action":"StartParse","tileX":15,"tileY":25,"tileZ":6,"overscaledZ":6,"sourceID":"org.maplibre.annotations"}}
{"name":"onTileAction","time":"2026-02-04T18:54:26.244Z","styleName":"Americana","styleURL":"https://americanamap.org/style.json","event":{"action":"StartParse","tileX":19,"tileY":25,"tileZ":6,"overscaledZ":6,"sourceID":"org.maplibre.annotations"}}
{"name":"onTileAction","time":"2026-02-04T18:54:26.245Z","styleName":"Americana","styleURL":"https://americanamap.org/style.json","event":{"action":"StartParse","tileX":17,"tileY":24,"tileZ":6,"overscaledZ":6,"sourceID":"org.maplibre.annotations"}}
{"name":"onTileAction","time":"2026-02-04T18:54:26.245Z","styleName":"Americana","styleURL":"https://americanamap.org/style.json","event":{"action":"StartParse","tileX":16,"tileY":24,"tileZ":6,"overscaledZ":6,"sourceID":"org.maplibre.annotations"}}
{"name":"onTileAction","time":"2026-02-04T18:54:26.245Z","styleName":"Americana","styleURL":"https://americanamap.org/style.json","event":{"action":"StartParse","tileX":18,"tileY":24,"tileZ":6,"overscaledZ":6,"sourceID":"org.maplibre.annotations"}}
{"name":"onTileAction","time":"2026-02-04T18:54:26.245Z","styleName":"Americana","styleURL":"https://americanamap.org/style.json","event":{"action":"StartParse","tileX":15,"tileY":24,"tileZ":6,"overscaledZ":6,"sourceID":"org.maplibre.annotations"}}
{"name":"onTileAction","time":"2026-02-04T18:54:26.245Z","styleName":"Americana","styleURL":"https://americanamap.org/style.json","event":{"action":"StartParse","tileX":19,"tileY":24,"tileZ":6,"overscaledZ":6,"sourceID":"org.maplibre.annotations"}}
{"name":"onTileAction","time":"2026-02-04T18:54:26.259Z","styleName":"Americana","styleURL":"https://americanamap.org/style.json","event":{"action":"RequestedFromNetwork","tileX":0,"tileY":1,"tileZ":2,"overscaledZ":2,"sourceID":"openmaptiles"}}
{"name":"onTileAction","time":"2026-02-04T18:54:26.259Z","styleName":"Americana","styleURL":"https://americanamap.org/style.json","event":{"action":"RequestedFromNetwork","tileX":17,"tileY":27,"tileZ":6,"overscaledZ":6,"sourceID":"openmaptiles"}}
{"name":"onTileAction","time":"2026-02-04T18:54:26.259Z","styleName":"Americana","styleURL":"https://americanamap.org/style.json","event":{"action":"RequestedFromNetwork","tileX":17,"tileY":26,"tileZ":6,"overscaledZ":6,"sourceID":"openmaptiles"}}
{"name":"onTileAction","time":"2026-02-04T18:54:26.259Z","styleName":"Americana","styleURL":"https://americanamap.org/style.json","event":{"action":"RequestedFromNetwork","tileX":16,"tileY":27,"tileZ":6,"overscaledZ":6,"sourceID":"openmaptiles"}}
{"name":"onTileAction","time":"2026-02-04T18:54:26.259Z","styleName":"Americana","styleURL":"https://americanamap.org/style.json","event":{"action":"RequestedFromNetwork","tileX":18,"tileY":27,"tileZ":6,"overscaledZ":6,"sourceID":"openmaptiles"}}
{"name":"onTileAction","time":"2026-02-04T18:54:26.259Z","styleName":"Americana","styleURL":"https://americanamap.org/style.json","event":{"action":"RequestedFromNetwork","tileX":17,"tileY":28,"tileZ":6,"overscaledZ":6,"sourceID":"openmaptiles"}}
{"name":"onTileAction","time":"2026-02-04T18:54:26.259Z","styleName":"Americana","styleURL":"https://americanamap.org/style.json","event":{"action":"RequestedFromNetwork","tileX":16,"tileY":26,"tileZ":6,"overscaledZ":6,"sourceID":"openmaptiles"}}
{"name":"onTileAction","time":"2026-02-04T18:54:26.259Z","styleName":"Americana","styleURL":"https://americanamap.org/style.json","event":{"action":"RequestedFromNetwork","tileX":18,"tileY":26,"tileZ":6,"overscaledZ":6,"sourceID":"openmaptiles"}}
{"name":"onTileAction","time":"2026-02-04T18:54:26.259Z","styleName":"Americana","styleURL":"https://americanamap.org/style.json","event":{"action":"RequestedFromNetwork","tileX":16,"tileY":28,"tileZ":6,"overscaledZ":6,"sourceID":"openmaptiles"}}
{"name":"onTileAction","time":"2026-02-04T18:54:26.259Z","styleName":"Americana","styleURL":"https://americanamap.org/style.json","event":{"action":"RequestedFromNetwork","tileX":17,"tileY":25,"tileZ":6,"overscaledZ":6,"sourceID":"openmaptiles"}}
{"name":"onTileAction","time":"2026-02-04T18:54:26.259Z","styleName":"Americana","styleURL":"https://americanamap.org/style.json","event":{"action":"RequestedFromNetwork","tileX":16,"tileY":25,"tileZ":6,"overscaledZ":6,"sourceID":"openmaptiles"}}
{"name":"onTileAction","time":"2026-02-04T18:54:26.259Z","styleName":"Americana","styleURL":"https://americanamap.org/style.json","event":{"action":"RequestedFromNetwork","tileX":18,"tileY":25,"tileZ":6,"overscaledZ":6,"sourceID":"openmaptiles"}}
{"name":"onTileAction","time":"2026-02-04T18:54:26.259Z","styleName":"Americana","styleURL":"https://americanamap.org/style.json","event":{"action":"RequestedFromNetwork","tileX":15,"tileY":25,"tileZ":6,"overscaledZ":6,"sourceID":"openmaptiles"}}
{"name":"onTileAction","time":"2026-02-04T18:54:26.259Z","styleName":"Americana","styleURL":"https://americanamap.org/style.json","event":{"action":"RequestedFromNetwork","tileX":19,"tileY":25,"tileZ":6,"overscaledZ":6,"sourceID":"openmaptiles"}}
{"name":"onTileAction","time":"2026-02-04T18:54:26.259Z","styleName":"Americana","styleURL":"https://americanamap.org/style.json","event":{"action":"RequestedFromNetwork","tileX":17,"tileY":24,"tileZ":6,"overscaledZ":6,"sourceID":"openmaptiles"}}
{"name":"onTileAction","time":"2026-02-04T18:54:26.259Z","styleName":"Americana","styleURL":"https://americanamap.org/style.json","event":{"action":"RequestedFromNetwork","tileX":16,"tileY":24,"tileZ":6,"overscaledZ":6,"sourceID":"openmaptiles"}}
{"name":"onTileAction","time":"2026-02-04T18:54:26.259Z","styleName":"Americana","styleURL":"https://americanamap.org/style.json","event":{"action":"EndParse","tileX":17,"tileY":27,"tileZ":6,"overscaledZ":6,"sourceID":"org.maplibre.annotations"}}
{"name":"onTileAction","time":"2026-02-04T18:54:26.259Z","styleName":"Americana","styleURL":"https://americanamap.org/style.json","event":{"action":"EndParse","tileX":17,"tileY":26,"tileZ":6,"overscaledZ":6,"sourceID":"org.maplibre.annotations"}}
{"name":"onTileAction","time":"2026-02-04T18:54:26.259Z","styleName":"Americana","styleURL":"https://americanamap.org/style.json","event":{"action":"EndParse","tileX":16,"tileY":27,"tileZ":6,"overscaledZ":6,"sourceID":"org.maplibre.annotations"}}
{"name":"onTileAction","time":"2026-02-04T18:54:26.259Z","styleName":"Americana","styleURL":"https://americanamap.org/style.json","event":{"action":"EndParse","tileX":18,"tileY":27,"tileZ":6,"overscaledZ":6,"sourceID":"org.maplibre.annotations"}}
{"name":"onTileAction","time":"2026-02-04T18:54:26.259Z","styleName":"Americana","styleURL":"https://americanamap.org/style.json","event":{"action":"EndParse","tileX":17,"tileY":28,"tileZ":6,"overscaledZ":6,"sourceID":"org.maplibre.annotations"}}
{"name":"onTileAction","time":"2026-02-04T18:54:26.259Z","styleName":"Americana","styleURL":"https://americanamap.org/style.json","event":{"action":"EndParse","tileX":16,"tileY":26,"tileZ":6,"overscaledZ":6,"sourceID":"org.maplibre.annotations"}}
{"name":"onTileAction","time":"2026-02-04T18:54:26.259Z","styleName":"Americana","styleURL":"https://americanamap.org/style.json","event":{"action":"EndParse","tileX":18,"tileY":26,"tileZ":6,"overscaledZ":6,"sourceID":"org.maplibre.annotations"}}
{"name":"onTileAction","time":"2026-02-04T18:54:26.259Z","styleName":"Americana","styleURL":"https://americanamap.org/style.json","event":{"action":"LoadFromCache","tileX":18,"tileY":24,"tileZ":6,"overscaledZ":6,"sourceID":"openmaptiles"}}
{"name":"onTileAction","time":"2026-02-04T18:54:26.259Z","styleName":"Americana","styleURL":"https://americanamap.org/style.json","event":{"action":"RequestedFromNetwork","tileX":18,"tileY":24,"tileZ":6,"overscaledZ":6,"sourceID":"openmaptiles"}}
{"name":"onTileAction","time":"2026-02-04T18:54:26.259Z","styleName":"Americana","styleURL":"https://americanamap.org/style.json","event":{"action":"RequestedFromNetwork","tileX":15,"tileY":24,"tileZ":6,"overscaledZ":6,"sourceID":"openmaptiles"}}
{"name":"onTileAction","time":"2026-02-04T18:54:26.259Z","styleName":"Americana","styleURL":"https://americanamap.org/style.json","event":{"action":"EndParse","tileX":16,"tileY":28,"tileZ":6,"overscaledZ":6,"sourceID":"org.maplibre.annotations"}}
{"name":"onTileAction","time":"2026-02-04T18:54:26.259Z","styleName":"Americana","styleURL":"https://americanamap.org/style.json","event":{"action":"EndParse","tileX":17,"tileY":25,"tileZ":6,"overscaledZ":6,"sourceID":"org.maplibre.annotations"}}
{"name":"onTileAction","time":"2026-02-04T18:54:26.259Z","styleName":"Americana","styleURL":"https://americanamap.org/style.json","event":{"action":"EndParse","tileX":16,"tileY":25,"tileZ":6,"overscaledZ":6,"sourceID":"org.maplibre.annotations"}}
{"name":"onTileAction","time":"2026-02-04T18:54:26.259Z","styleName":"Americana","styleURL":"https://americanamap.org/style.json","event":{"action":"LoadFromCache","tileX":19,"tileY":24,"tileZ":6,"overscaledZ":6,"sourceID":"openmaptiles"}}
{"name":"onTileAction","time":"2026-02-04T18:54:26.259Z","styleName":"Americana","styleURL":"https://americanamap.org/style.json","event":{"action":"RequestedFromNetwork","tileX":19,"tileY":24,"tileZ":6,"overscaledZ":6,"sourceID":"openmaptiles"}}
{"name":"onTileAction","time":"2026-02-04T18:54:26.259Z","styleName":"Americana","styleURL":"https://americanamap.org/style.json","event":{"action":"EndParse","tileX":18,"tileY":25,"tileZ":6,"overscaledZ":6,"sourceID":"org.maplibre.annotations"}}
{"name":"onTileAction","time":"2026-02-04T18:54:26.259Z","styleName":"Americana","styleURL":"https://americanamap.org/style.json","event":{"action":"EndParse","tileX":15,"tileY":25,"tileZ":6,"overscaledZ":6,"sourceID":"org.maplibre.annotations"}}
{"name":"onTileAction","time":"2026-02-04T18:54:26.259Z","styleName":"Americana","styleURL":"https://americanamap.org/style.json","event":{"action":"EndParse","tileX":19,"tileY":25,"tileZ":6,"overscaledZ":6,"sourceID":"org.maplibre.annotations"}}
{"name":"onTileAction","time":"2026-02-04T18:54:26.259Z","styleName":"Americana","styleURL":"https://americanamap.org/style.json","event":{"action":"EndParse","tileX":17,"tileY":24,"tileZ":6,"overscaledZ":6,"sourceID":"org.maplibre.annotations"}}
{"name":"onTileAction","time":"2026-02-04T18:54:26.259Z","styleName":"Americana","styleURL":"https://americanamap.org/style.json","event":{"action":"EndParse","tileX":16,"tileY":24,"tileZ":6,"overscaledZ":6,"sourceID":"org.maplibre.annotations"}}
{"name":"onTileAction","time":"2026-02-04T18:54:26.259Z","styleName":"Americana","styleURL":"https://americanamap.org/style.json","event":{"action":"EndParse","tileX":18,"tileY":24,"tileZ":6,"overscaledZ":6,"sourceID":"org.maplibre.annotations"}}
{"name":"onTileAction","time":"2026-02-04T18:54:26.259Z","styleName":"Americana","styleURL":"https://americanamap.org/style.json","event":{"action":"EndParse","tileX":15,"tileY":24,"tileZ":6,"overscaledZ":6,"sourceID":"org.maplibre.annotations"}}
{"name":"onTileAction","time":"2026-02-04T18:54:26.259Z","styleName":"Americana","styleURL":"https://americanamap.org/style.json","event":{"action":"EndParse","tileX":19,"tileY":24,"tileZ":6,"overscaledZ":6,"sourceID":"org.maplibre.annotations"}}
{"name":"onTileAction","time":"2026-02-04T18:54:26.291Z","styleName":"Americana","styleURL":"https://americanamap.org/style.json","event":{"action":"LoadFromNetwork","tileX":0,"tileY":1,"tileZ":2,"overscaledZ":2,"sourceID":"openmaptiles"}}
{"name":"onTileAction","time":"2026-02-04T18:54:26.291Z","styleName":"Americana","styleURL":"https://americanamap.org/style.json","event":{"action":"LoadFromNetwork","tileX":19,"tileY":25,"tileZ":6,"overscaledZ":6,"sourceID":"openmaptiles"}}
{"name":"onTileAction","time":"2026-02-04T18:54:26.291Z","styleName":"Americana","styleURL":"https://americanamap.org/style.json","event":{"action":"LoadFromNetwork","tileX":18,"tileY":25,"tileZ":6,"overscaledZ":6,"sourceID":"openmaptiles"}}
{"name":"onTileAction","time":"2026-02-04T18:54:26.291Z","styleName":"Americana","styleURL":"https://americanamap.org/style.json","event":{"action":"LoadFromNetwork","tileX":16,"tileY":26,"tileZ":6,"overscaledZ":6,"sourceID":"openmaptiles"}}
{"name":"onTileAction","time":"2026-02-04T18:54:26.291Z","styleName":"Americana","styleURL":"https://americanamap.org/style.json","event":{"action":"LoadFromNetwork","tileX":15,"tileY":25,"tileZ":6,"overscaledZ":6,"sourceID":"openmaptiles"}}
{"name":"onTileAction","time":"2026-02-04T18:54:26.291Z","styleName":"Americana","styleURL":"https://americanamap.org/style.json","event":{"action":"EndParse","tileX":19,"tileY":24,"tileZ":6,"overscaledZ":6,"sourceID":"openmaptiles"}}
{"name":"onTileAction","time":"2026-02-04T18:54:26.306Z","styleName":"Americana","styleURL":"https://americanamap.org/style.json","event":{"action":"LoadFromNetwork","tileX":15,"tileY":24,"tileZ":6,"overscaledZ":6,"sourceID":"openmaptiles"}}
{"name":"onTileAction","time":"2026-02-04T18:54:26.306Z","styleName":"Americana","styleURL":"https://americanamap.org/style.json","event":{"action":"EndParse","tileX":19,"tileY":25,"tileZ":6,"overscaledZ":6,"sourceID":"openmaptiles"}}
{"name":"onTileAction","time":"2026-02-04T18:54:26.373Z","styleName":"Americana","styleURL":"https://americanamap.org/style.json","event":{"action":"EndParse","tileX":0,"tileY":1,"tileZ":2,"overscaledZ":2,"sourceID":"openmaptiles"}}
{"name":"onTileAction","time":"2026-02-04T18:54:26.373Z","styleName":"Americana","styleURL":"https://americanamap.org/style.json","event":{"action":"EndParse","tileX":18,"tileY":25,"tileZ":6,"overscaledZ":6,"sourceID":"openmaptiles"}}
{"name":"onTileAction","time":"2026-02-04T18:54:26.392Z","styleName":"Americana","styleURL":"https://americanamap.org/style.json","event":{"action":"EndParse","tileX":16,"tileY":26,"tileZ":6,"overscaledZ":6,"sourceID":"openmaptiles"}}
{"name":"onTileAction","time":"2026-02-04T18:54:26.413Z","styleName":"Americana","styleURL":"https://americanamap.org/style.json","event":{"action":"EndParse","tileX":15,"tileY":25,"tileZ":6,"overscaledZ":6,"sourceID":"openmaptiles"}}
{"name":"onTileAction","time":"2026-02-04T18:54:26.461Z","styleName":"Americana","styleURL":"https://americanamap.org/style.json","event":{"action":"EndParse","tileX":15,"tileY":24,"tileZ":6,"overscaledZ":6,"sourceID":"openmaptiles"}}
{"name":"onTileAction","time":"2026-02-04T18:54:26.461Z","styleName":"Americana","styleURL":"https://americanamap.org/style.json","event":{"action":"EndParse","tileX":18,"tileY":24,"tileZ":6,"overscaledZ":6,"sourceID":"openmaptiles"}}
{"name":"onTileAction","time":"2026-02-04T18:54:26.464Z","styleName":"Americana","styleURL":"https://americanamap.org/style.json","event":{"action":"Cancelled","tileX":7,"tileY":12,"tileZ":5,"overscaledZ":5,"sourceID":"openmaptiles"}}
{"name":"onTileAction","time":"2026-02-04T18:54:26.882Z","styleName":"Americana","styleURL":"https://americanamap.org/style.json","event":{"action":"LoadFromNetwork","tileX":18,"tileY":27,"tileZ":6,"overscaledZ":6,"sourceID":"openmaptiles"}}
{"name":"onTileAction","time":"2026-02-04T18:54:26.882Z","styleName":"Americana","styleURL":"https://americanamap.org/style.json","event":{"action":"LoadFromNetwork","tileX":17,"tileY":28,"tileZ":6,"overscaledZ":6,"sourceID":"openmaptiles"}}
{"name":"onTileAction","time":"2026-02-04T18:54:26.909Z","styleName":"Americana","styleURL":"https://americanamap.org/style.json","event":{"action":"LoadFromNetwork","tileX":16,"tileY":28,"tileZ":6,"overscaledZ":6,"sourceID":"openmaptiles"}}
{"name":"onTileAction","time":"2026-02-04T18:54:26.909Z","styleName":"Americana","styleURL":"https://americanamap.org/style.json","event":{"action":"LoadFromNetwork","tileX":17,"tileY":27,"tileZ":6,"overscaledZ":6,"sourceID":"openmaptiles"}}
{"name":"onTileAction","time":"2026-02-04T18:54:26.958Z","styleName":"Americana","styleURL":"https://americanamap.org/style.json","event":{"action":"EndParse","tileX":17,"tileY":28,"tileZ":6,"overscaledZ":6,"sourceID":"openmaptiles"}}
{"name":"onMapDestroy","time":"2026-02-04T18:54:26.959Z","styleName":"Americana","styleURL":"https://americanamap.org/style.json"}
